Workbook

Sheet CSE II
A1: S.No. | B1: University Roll No | C1: Library Id | D1: NAME | E1: FATHER NAME | F1: MOTHER NAME | G1: STUDENT MOB. | H1: FATHER MOB | I1: MOTHER MOB | J1: E-Mail ID | K1: GENDER | L1: BRANCH | M1: SEC | N1: Sign. | P1: Address | Q1: Unique id | T1: Year
A2: 1 | B2: 2400290100001 | C2: 2428CSE236 | D2: AADYA SHUKLA | E2: PRASHANT KUMAR SHUKLA | G2: 9045896347 | H2: 9548186777 | I2: 9457471947 | J2: aadya.2428cse236@kiet.edu | K2: F | L2: CSE | M2: A | O2: A | P2: bhupender puri ,gali no 4 modinagar | Q2: 202401100200001 | R2: AADYA | S2: SHUKLA | T2: 2
A3: =IF(M2<>M3,"1",A2+1) -> 2 | B3: 2400290100002 | C3: 2428CSE2420 | D3: AAKASH KUMAR | E3: HARI MOHAN | G3: 7505278027 | H3: 9759057365 | I3: 8923651178 | J3: aakash.2428cse2420@kiet.edu | K3: M | L3: CSE | M3: A | O3: A | P3: Elampur firozabad | Q3: 202401100200002 | R3: AAKASH | S3: KUMAR | T3: 2
A4: =IF(M3<>M4,"1",A3+1) -> 3 | B4: 2400290100003 | C4: 2428CSE1174 | D4: AARAV CHATURVEDI | E4: MUKESH KUMAR CHATURVEDI | G4: 7651922631 | H4: 9369840496 | I4: 6387927966 | J4: aarav.2428cse1174@kiet.edu | K4: M | L4: CSE | M4: A | O4: A | P4: 1/1382,koiriya ghat,thaheri bazar, golaghat ramnagar, varanasi | Q4: 202401100200003 | R4: AARAV | S4: CHATURVEDI | T4: 2
A5: =IF(M4<>M5,"1",A4+1) -> 4 | B5: 2400290100004 | C5: 2428CSE1592 | D5: AASTHA SUDAN | E5: PUSHAPRAJ SUDAN | G5: 7497077108 | H5: 9416958048 | I5: 9034234895 | J5: aastha.2428cse1592@kiet.edu | K5: F | L5: CSE | M5: A | O5: A | P5: House number 1066, maharana pratap chowk, near bypass road, barara | Q5: 202401100200004 | R5: AASTHA | S5: SUDAN | T5: 2
A6: =IF(M5<>M6,"1",A5+1) -> 5 | B6: 2400290100005 | C6: 2428CSE493 | D6: AAYANSH SINGH | E6: PRADEEP KUMAR SINGH | G6: 9119892200 | H6: 9450482200 | I6: 7800404064 | J6: aayansh.2428cse493@kiet.edu | K6: M | L6: CSE | M6: A | O6: A | P6: Bankata Amethia , Bhatpar Rani, Deoria , Uttar Pradesh | Q6: 202401100200005 | R6: AAYANSH | S6: SINGH | T6: 2
A7: =IF(M6<>M7,"1",A6+1) -> 6 | B7: 2400290100006 | C7: 2428CSE1266 | D7: AAYUSH KUMAR | E7: SUNIL KUMAR GUPTA | G7: 8862838503 | H7: 8271516072 | I7: 7903833922 | J7: aayush.2428cse1266@kiet.edu | K7: M | L7: CSE | M7: A | O7: A | P7: bank colony lane number 3b , gola road , patna | Q7: 202401100200006 | R7: AAYUSH | S7: KUMAR | T7: 2
A8: =IF(M7<>M8,"1",A7+1) -> 7 | B8: 2400290100007 | C8: 2428CSE349 | D8: AAYUSHI GUPTA | E8: LALIT KUMAR GUPTA | G8: 7983313055 | H8: 9897230284 | I8: 9760010284 | J8: aayushi.2428cse349@kiet.edu | K8: F | L8: CSE | M8: A | O8: A | P8: HOUSE NO 40 LANE NO 1 RAGHAV PURAM COLONY SAHARANPUR | Q8: 202401100200007 | R8: AAYUSHI | S8: GUPTA | T8: 2
A9: =IF(M8<>M9,"1",A8+1) -> 8 | B9: 2400290100008 | C9: 2428CSE945 | D9: ABHAY PRATAP SINGH | E9: TEJPAL SINGH | G9: 7017044335 | H9: 9927682375 | I9: 8006823757 | J9: abhay.2428cse945@kiet.edu | K9: M | L9: CSE | M9: A | O9: A | P9: village sisana distt baghpat(250609) | Q9: 202401100200008 | R9: ABHAY | S9: PRATAP SINGH | T9: 2
A10: =IF(M9<>M10,"1",A9+1) -> 9 | B10: 2400290100009 | C10: 2428CSE835 | D10: ABHAY SHARMA | E10: SUNIL KUMAR | G10: 9412015532 | H10: 8899414124 | I10: 7505873420 | J10: abhay.2428cse835@kiet.edu | K10: M | L10: CSE | M10: A | O10: A | P10: Village & Post Shyamon Shamshabad Road Agra | Q10: 202401100200009 | R10: ABHAY | S10: SHARMA | T10: 2
A11: =IF(M10<>M11,"1",A10+1) -> 10 | B11: 2400290100010 | C11: 2428CSE905 | D11: ABHIJEET SINGH | E11: SANTOSH KUMAR SINGH | G11: 8738090053 | H11: 9452498933 | I11: 8808496843 | J11: abhijeet.2428cse905@kiet.edu | K11: M | L11: CSE | M11: A | O11: A | P11: Chandan Nagar Colony Rauza Ghazipur | Q11: 202401100200010 | R11: ABHIJEET | S11: SINGH | T11: 2
A12: =IF(M11<>M12,"1",A11+1) -> 11 | B12: 2400290100011 | C12: 2428CSE2093 | D12: ABHIMANYU KUMAR | E12: PREM PRAKASH SINGH | G12: 7764967947 | H12: 9835807947 | I12: 8789492611 | J12: abhimanyu.2428cse209@kiet.edu | K12: M | L12: CSE | M12: A | O12: A | P12: Basantpur kakrahta,PO:Sahdullahpur dhabouli | Q12: 202401100200011 | R12: ABHIMANYU | S12: KUMAR | T12: 2
A13: =IF(M12<>M13,"1",A12+1) -> 12 | B13: 2400290100012 | C13: 2428CSE1425 | D13: ABHINAV KUMAR | E13: MANOHAR KUMAR SRIVASTAVA | G13: 7903192416 | H13: 6386218375 | I13: 9569265944 | J13: abhinav.2428cse1425@kiet.edu | K13: M | L13: CSE | M13: A | O13: A | P13: village-bardiha lala | Q13: 202401100200012 | R13: ABHINAV | S13: KUMAR | T13: 2
A14: =IF(M13<>M14,"1",A13+1) -> 13 | B14: 2400290100013 | C14: 2428CSE2250 | D14: ABHINAV PATHAK | E14: GIRIDHAR PATHAK | G14: 8299761810 | H14: 9452230476 | I14: 9452230476 | J14: abhinav.2428cse2250@kiet.edu | K14: M | L14: CSE | M14: A | O14: A | P14: VILLAGE LILWAHI GHORAWAL SONBHADRA UTTAR PRADESH | Q14: 202401100200013 | R14: ABHINAV | S14: PATHAK | T14: 2
... A74: =IF(M73<>M74,"1",A73+1) -> 73 | B74: 2400290100074 | C74: 2428CSE2077 | D74: ANUSHKA SINGH | E74: ANIL KUMAR | G74: 9759800123 | H74: 7830326488 | I74: 7830326488 | J74: anushka.2428cse2077@kiet.edu | K74: F | L74: CSE | M74: A | O74: A | P74: City One road Rudrapur | Q74: 202401100200074 | R74: ANUSHKA | S74: SINGH | T74: 2
A75: =IF(M74<>M75,"1",A74+1) -> 74 | B75: 202501200200001 | D75: AASTHA VERMA | G75: 9310429899 | J75: aastha.252002001@kiet.edu | K75: F | L75: CSE | M75: A | O75: A | Q75: 202501200200005 | T75: 2
A76: =IF(M75<>M76,"1",A75+1) -> 75 | B76: 202501200200002 | D76: ABHISHEK TIWARI | G76: 8081732367 | J76: abhishek.252002002@kiet.edu | K76: M | L76: CSE | M76: A | O76: A | Q76: 202501200200018 | T76: 2
A77: =IF(M76<>M77,"1",A76+1) -> 76 | B77: 202501200200003 | D77: AMAN PATHAK | G77: 9140404211 | J77: aman.252002003@kiet.edu | K77: M | L77: CSE | M77: A | O77: A | Q77: 202501200200008 | T77: 2
A78: =IF(M77<>M78,"1",A77+1) -> 77 | B78: 202501200200004 | D78: ANSH PANDEY | G78: 9305017358 | J78: ansh.252002004@kiet.edu | K78: M | L78: CSE | M78: A | O78: A | Q78: 202501200200006 | T78: 2
A79: =IF(M78<>M79,"1",A78+1) -> 78 | B79: 202501200200005 | D79: DEEPAK AZAD | G79: 7417027010 | J79: deepak.252002005@kiet.edu | K79: M | L79: CSE | M79: A | O79: A | Q79: 202501200200007 | T79: 2
A80: =IF(M73<>M80,"1",A73+1) -> 1 | B80: 2400290100075 | C80: 2428CSE1631 | D80: APOORVI ANAND | E80: VIJAY ANAND | G80: 7599340630 | H80: 9457474671 | I80: 9457474621 | J80: apoorvi.2428cse1631@kiet.edu | K80: F | L80: CSE | M80: B | O80: B | P80: Pilibhit bypass road opposite Chandralok hospital near Yamaha service center Bareilly | Q80: 202401100200075 | R80: APOORVI | S80: ANAND | T80: 2
A81: =IF(M80<>M81,"1",A80+1) -> 2 | B81: 2400290100076 | C81: 2428CSE2109 | D81: APOORVY GUPTA | E81: SANJAY GUPTA | G81: 9336946409 | H81: 9336724246 | I81: 9161215013 | J81: apoorvy.2428cse2109@kiet.edu | K81: F | L81: CSE | M81: B | O81: B | P81: 65/2 Shivdaspur, Panchwati Nagar | Q81: 202401100200076 | R81: APOORVY | S81: GUPTA | T81: 2
A82: =IF(M81<>M82,"1",A81+1) -> 3 | B82: 2400290100077 | C82: 2428CSE1856 | D82: ARCHIT VERMA | E82: SANJEEV KUMAR | G82: 7900974176 | H82: 9105018094 | I82: 9456403377 | J82: archit.2428cse1856@kiet.edu | K82: M | L82: CSE | M82: B | O82: B | P82: 278, Naya Rasulpur | Q82: 202401100200077 | R82: ARCHIT | S82: VERMA | T82: 2
A83: =IF(M82<>M83,"1",A82+1) -> 4 | B83: 2400290100078 | C83: 2428CSE1979 | D83: ARIN KUMAR MADDHESHIYA | E83: TRIYUGI NATH MADDHESHIYA | G83: 9519164008 | H83: 9793149217 | I83: 6391909805 | J83: arin.2428cse1979@kiet.edu | K83: M | L83: CSE | M83: B | O83: B | P83: Jungle jhajhwa pipiganj | Q83: 202401100200078 | R83: ARIN | S83: KUMAR MADDHESHIYA | T83: 2
A84: =IF(M83<>M84,"1",A83+1) -> 5 | B84: 2400290100079 | C84: 2428CSE2418 | D84: ARIZA RAHMAN | E84: MOHD HASID | G84: 9555915967 | H84: 9415833540 | I84: 9555915967 | J84: ariza.2428cse2418@kiet.edu | K84: F | L84: CSE | M84: B | O84: B | P84: ALI AUSAT COLONY,SIDHARI | Q84: 202401100200079 | R84: ARIZA | S84: RAHMAN | T84: 2
A85: =IF(M84<>M85,"1",A84+1) -> 6 | B85: 2400290100080 | C85: 2428CSE1955 | D85: ARMAN SINGH | E85: LATE SHIV SHARAN SINGH | G85: 6394917385 | H85: 9170571889 | I85: 9170571889 | J85: arman.2428cse1955@kiet.edu | K85: M | L85: CSE | M85: B | O85: B | P85: GRAM+POST: KOLNA,MIRZAPUR | Q85: 202401100200080 | R85: ARMAN | S85: SINGH | T85: 2
A86: =IF(M85<>M86,"1",A85+1) -> 7 | B86: 2400290100081 | C86: 2428CSE1905 | D86: ARMAN VORA | E86: ANISH KUMAR VORA | G86: 7872861381 | H86: 9933018736 | I86: 7679120178 | J86: arman.2428cse1905@kiet.edu | K86: M | L86: CSE | M86: B | O86: B | P86: H.NO-739/1, WARD NO-25, NEAR BHANDRI MARUTI SHOWROOM, BULBULCHATI | Q86: 202401100200081 | R86: ARMAN | S86: VORA | T86: 2
A87: =IF(M86<>M87,"1",A86+1) -> 8 | B87: 2400290100082 | C87: 2428CSE1796 | D87: ARNAV GAUTAM | E87: TARUN GAUTAM | G87: 8445104769 | H87: 9557605479 | I87: 8126847849 | J87: arnav.2428cse1796@kiet.edu | K87: M | L87: CSE | M87: B | O87: B | P87: 41-A Ayodhya kunj A, Arjun Nagar Agra | Q87: 202401100200082 | R87: ARNAV | S87: GAUTAM | T87: 2
A88: =IF(M87<>M88,"1",A87+1) -> 9 | B88: 2400290100083 | C88: 2428CSE1277 | D88: ARPIT PANDEY | E88: UMESH CHANDRA | G88: 9353779499 | H88: 9110686716 | I88: 8019194394 | J88: arpit.2428cse1277@kiet.edu | K88: M | L88: CSE | M88: B | O88: B | P88: MUSTAFABD SARAIYA, KADIPUR, SULTANPUR | Q88: 202401100200083 | R88: ARPIT | S88: PANDEY | T88: 2
A89: =IF(M88<>M89,"1",A88+1) -> 10 | B89: 2400290100084 | C89: 2428CSE1166 | D89: ARPIT RAJPUT | E89: PANKAJ SINGH | G89: 6392871326 | H89: 8726964030 | I89: 8840527979 | J89: arpit.2428cse1166@kiet.edu | K89: M | L89: CSE | M89: B | O89: B | P89: VILL KANTALA POST RUNI DIST FARRUKHABAD | Q89: 202401100200084 | R89: ARPIT | S89: RAJPUT | T89: 2
A90: =IF(M89<>M90,"1",A89+1) -> 11 | B90: 2400290100085 | C90: 2428CSE1396 | D90: ARPIT SRIVASTAVA | E90: SHAILENDRA KUMAR SRIVASTAVA | G90: 7905187079 | H90: 8052662978 | I90: 8052760481 | J90: arpit.2428cse1396@kiet.edu | K90: M | L90: CSE | M90: B | O90: B | P90: 388-I, Azad Nagar Colony, Rustampur, Gorakhpur | Q90: 202401100200085 | R90: ARPIT | S90: SRIVASTAVA | T90: 2
A91: =IF(M90<>M91,"1",A90+1) -> 12 | B91: 2400290100086 | C91: 2428CSE1683 | D91: ARPITA SAHU | E91: JAI PRAKASH SAHU | G91: 7355634916 | H91: 8318449218 | I91: 9580826733 | J91: arpita.2428cse1683@kiet.edu | K91: F | L91: CSE | M91: B | O91: B | P91: BHARAT CHHAPARA , KOTWA ,RANIGANJ BAZAR | Q91: 202401100200086 | R91: ARPITA | S91: SAHU | T91: 2
A92: =IF(M91<>M92,"1",A91+1) -> 13 | B92: 2400290100087 | C92: 2428CSE1357 | D92: ARSAL MASOOD | E92: MASOOD AKBAR | G92: 9557156626 | H92: 9837161566 | I92: 9756519774 | J92: arsal.2428cse1357@kiet.edu | K92: M | L92: CSE | M92: B | O92: B | P92: BAZIGRAN STREET | Q92: 202401100200087 | R92: ARSAL | S92: MASOOD | T92: 2
... A151: =IF(M150<>M151,"1",A150+1) -> 72 | B151: 2400290100147 | C151: 2428CSE1086 | D151: HARDIK RATHORE | E151: VINOD KUMAR RATHORE | G151: 8439683604 | H151: 9935929135 | I151: 8533876875 | J151: hardik.2428cse1086@kiet.edu | K151: M | L151: CSE | M151: B | O151: B | P151: Mahera saray bhognipur kanpur dehat | Q151: 202401100200147 | R151: HARDIK | S151: RATHORE | T151: 2
A152: =IF(M151<>M152,"1",A151+1) -> 73 | B152: 202501200200006 | D152: DEEPAK CHAUDHARY | G152: 6306725551 | J152: deepak.252002006@kiet.edu | K152: M | L152: CSE | M152: B | O152: B | Q152: 2025D00211T01801 | T152: 2
A153: =IF(M152<>M153,"1",A152+1) -> 74 | B153: 202501200200007 | D153: DEV SINGH | G153: 9648153123 | J153: dev.252002007@kiet.edu | K153: M | L153: CSE | M153: B | O153: B | Q153: 202501200200003 | T153: 2
A154: =IF(M153<>M154,"1",A153+1) -> 75 | B154: 202501200200008 | D154: DHEERAJ KUMAR | G154: 7078757352 | J154: dheeraj.252002008@kiet.edu | K154: M | L154: CSE | M154: B | O154: B | Q154: 2025D00211C01803 | T154: 2
A155: =IF(M154<>M155,"1",A154+1) -> 76 | B155: 202501200200009 | D155: DIYA | G155: 6398562445 | J155: diya.252002009@kiet.edu | K155: F | L155: CSE | M155: B | O155: B | Q155: 202501200200002 | T155: 2
A156: =IF(M155<>M156,"1",A155+1) -> 77 | B156: 202501200200010 | D156: GAURI TYAGI | G156: 8868091739 | J156: gauri.252002010@kiet.edu | K156: F | L156: CSE | M156: B | O156: B | Q156: 202501200200013 | T156: 2
A157: =IF(M156<>M157,"1",A156+1) -> 78 | B157: 202501200200011 | D157: GRANTH CHAUHAN | G157: 6398905475 | J157: granth.252002011@kiet.edu | K157: M | L157: CSE | M157: B | O157: B | Q157: 202501200200016 | T157: 2
A158: =IF(M151<>M158,"1",A151+1) -> 1 | B158: 2400290100148 | C158: 2428CSE1993 | D158: HARSH ADITYA | E158: PRASHANT KUMAR | G158: 8541062711 | H158: 8298349634 | I158: 8298349634 | J158: harsh.2428cse1993@kiet.edu | K158: M | L158: CSE | M158: C | O158: C | P158: DHANGAWAN ,MINABAZAR | Q158: 202401100200148 | R158: HARSH | S158: ADITYA | T158: 2
A159: =IF(M158<>M159,"1",A158+1) -> 2 | B159: 2400290100149 | C159: 2428CSE2131 | D159: HARSH KUMAR | E159: SHRAWAN KUMAR | G159: 9315526334 | H159: 8860408018 | I159: 8860408086 | J159: harsh.2428cse2131@kiet.edu | K159: M | L159: CSE | M159: C | O159: C | P159: Plot No-54, Flat No UG-1 Gyan Khand-1, Indirapuram | Q159: 202401100200149 | R159: HARSH | S159: KUMAR | T159: 2
A160: =IF(M159<>M160,"1",A159+1) -> 3 | B160: 2400290100150 | C160: 2428CSE1731 | D160: HARSH SRIVASTAVA | E160: ABHAY KUMAR SRIVASTAVA | G160: 7905741509 | H160: 7068201016 | I160: 9555948843 | J160: harsh.2428cse1731@kiet.edu | K160: M | L160: CSE | M160: C | O160: C | P160: 817 Satya premi nagar Barabanki | Q160: 202401100200150 | R160: HARSH | S160: SRIVASTAVA | T160: 2
A161: =IF(M160<>M161,"1",A160+1) -> 4 | B161: 2400290100151 | C161: 2428CSE800 | D161: HARSHIT AGRAHARI | E161: ARUN AGRAHARI | G161: 9326899719 | H161: 9930053856 | I161: 8169226119 | J161: harshit.2428cse800@kiet.edu | K161: M | L161: CSE | M161: C | O161: C | P161: B-120/4/5,ANANDGRAH PARKSITE, VIKHORLI WEST | Q161: 202401100200151 | R161: HARSHIT | S161: AGRAHARI | T161: 2
A162: =IF(M161<>M162,"1",A161+1) -> 5 | B162: 2400290100152 | C162: 2428CSE1306 | D162: HARSHVARDHAN SRIVASTAVA | E162: MANOJ KUMAR SRIVASTAVA | G162: 6260021271 | H162: 9522270466 | I162: 7081112424 | J162: harshvardhan.2428cse@kiet.edu | K162: M | L162: CSE | M162: C | O162: C | P162: Madhur Niwas 1 Shivpuri mall road Sitapur Uttar Pradesh | Q162: 202401100200152 | R162: HARSHVARDHAN | S162: SRIVASTAVA | T162: 2
A163: =IF(M162<>M163,"1",A162+1) -> 6 | B163: 2400290100153 | C163: 2428CSE2319 | D163: HIMANSHU CHAUDHARY | E163: RAMESH CHAND | G163: 7906669292 | H163: 9027598345 | I163: 7906669292 | J163: himanshu.2428cse2319@kiet.edu | K163: M | L163: CSE | M163: C | O163: C | P163: Village Sarawa Post sarawa district Hapur | Q163: 202401100200153 | R163: HIMANSHU | S163: CHAUDHARY | T163: 2
A164: =IF(M163<>M164,"1",A163+1) -> 7 | B164: 2400290100154 | C164: 2428CSE1078 | D164: HIMANSHU KUMAR | E164: RAM SANEHI SINGH | G164: 8543837595 | H164: 6392511245 | I164: 8115620009 | J164: himanshu.2428cse1078@kiet.edu | K164: M | L164: CSE | M164: C | O164: C | P164: MLIG 4/198 sector h jankipuram lucknow | Q164: 202401100200154 | R164: HIMANSHU | S164: KUMAR | T164: 2
A165: =IF(M164<>M165,"1",A164+1) -> 8 | B165: 2400290100155 | C165: 2428CSE1429 | D165: ISHANT GAJROL | E165: LAL BAHADUR SINGH | G165: 9149041060 | H165: 8439942131 | I165: 8439942131 | J165: ishant.2428cse1429@kiet.edu | K165: M | L165: CSE | M165: C | O165: C | P165: Tubewell colony chandpur road bijnor | Q165: 202401100200155 | R165: ISHANT | S165: GAJROL | T165: 2
A166: =IF(M165<>M166,"1",A165+1) -> 9 | B166: 2400290100156 | C166: 2428CSE940 | D166: ISHITA | E166: MUKESH KUMAR GARG | G166: 7983815390 | H166: 9897318743 | I166: 8439976558 | J166: ishita.2428cse940@kiet.edu | K166: F | L166: CSE | M166: C | O166: C | P166: Main Market Town - Niwari | Q166: 202401100200156 | R166: ISHITA | S166: CSE | T166: 2
A167: =IF(M166<>M167,"1",A166+1) -> 10 | B167: 2400290100157 | C167: 2428CSE1823 | D167: ISHITA SAXENA | E167: SANJAY KUMAR SINGH | G167: 9958041066 | H167: 9818724020 | I167: 8860028402 | J167: ishita.2428cse1823@kiet.edu | K167: F | L167: CSE | M167: C | O167: C | P167: 05/05 KADAMBA ROAD, SHIPRA SUNCITY , INDIRAPURAM , GHAZIABAD | Q167: 202401100200157 | R167: ISHITA | S167: SAXENA | T167: 2
A168: =IF(M167<>M168,"1",A167+1) -> 11 | B168: 2400290100158 | C168: 2428CSE1434 | D168: ISHITA SRIVASTAVA | E168: RAJIV KUMAR SRIVASTAVA | G168: 8736979015 | H168: 8858617804 | I168: 9140245921 | J168: ishita.2428cse1434@kiet.edu | K168: F | L168: CSE | M168: C | O168: C | P168: VILLAGE KHARASARA POST KHARASARA | Q168: 202401100200158 | R168: ISHITA | S168: SRIVASTAVA | T168: 2
A169: =IF(M168<>M169,"1",A168+1) -> 12 | B169: 2400290100159 | C169: 2428CSE1547 | D169: JEETENDRA PRATAP | E169: GYAN PRAKASH | G169: 7991657960 | H169: 9839777988 | I169: 6394200181 | J169: jeetendra.2428cse154@kiet.edu | K169: M | L169: CSE | M169: C | O169: C | P169: kadaura | Q169: 202401100200159 | R169: JEETENDRA | S169: PRATAP | T169: 2
A170: =IF(M169<>M170,"1",A169+1) -> 13 | B170: 2400290100160 | C170: 2428CSE353 | D170: JIYA | E170: VIKAS KUMAR SINGHAL | G170: 9457666021 | H170: 9458013581 | I170: 9997017300 | J170: jiya.2428cse353@kiet.edu | K170: F | L170: CSE | M170: C | O170: C | P170: H no.703, Sanjay Marg, Patel Nagar, Muzaffar Nagar, Uttar Pradesh | Q170: 202401100200160 | R170: JIYA | S170: CSE | T170: 2
... A173: =IF(M172<>M173,"1",A172+1) -> 16 | B173: 2400290100163 | C173: 2428CSE1611 | D173: KANISHKA LODHI | E173: DEVENDRA KUMAR | G173: 8755449904 | H173: 8445318522 | I173: 7017249904 | J173: kanishka.2428cse1611@kiet.edu | K173: F | L173: CSE | M173: C | O173: C | P173: R.G.E.C. Anuyogipuram, Garh Road | Q173: 202401100200163 | R173: KANISHKA | S173: LODHI | T173: 2
A174: =IF(M173<>M174,"1",A173+1) -> 17 | B174: 2400290100164 | C174: 2428CSE1973 | D174: KANISHKA SOLANKI | E174: RAJESH KUMAR SOLANKI | G174: 8476880091 | H174: 8273783502 | I174: 8532924773 | J174: kanishka.2428cse1973@kiet.edu | K174: F | L174: CSE | M174: C | O174: C | P174: 281004 | Q174: 202401100200164 | R174: KANISHKA | S174: SOLANKI | T174: 2
A175: =IF(M174<>M175,"1",A174+1) -> 18 | B175: 2400290100165 | C175: 2428CSE983 | D175: KANISHKA TYAGI | E175: ARJUN SINGH | G175: 7303729254 | H175: 9891571598 | I175: 7683062544 | J175: kanishka.2428cse983@kiet.edu | K175: F | L175: CSE | M175: C | O175: C | P175: KH-185 Adarsh Nagar, Nandgram, Ghaziabad | Q175: 202401100200165 | R175: KANISHKA | S175: TYAGI | T175: 2
A176: =IF(M175<>M176,"1",A175+1) -> 19 | B176: 2400290100166 | C176: 2428CSE1898 | D176: KARTIK | E176: SUBHASH CHAND | G176: 9045847166 | H176: 7078000074 | I176: 9897394704 | J176: kartik.2428cse1898@kiet.edu | K176: M | L176: CSE | M176: C | O176: C | P176: HOUSE NO 1032 TEACHERS COLONY MORNA | Q176: 202401100200166 | R176: KARTIK | S176: CSE | T176: 2
A177: =IF(M176<>M177,"1",A176+1) -> 20 | B177: 2400290100167 | C177: 2428CSE1347 | D177: KASHYAP TIWARI | E177: MUKESH KUMAR TIWARI | G177: 9369283540 | H177: 9450033354 | I177: 9453701169 | J177: kashyap.2428cse1347@kiet.edu | K177: M | L177: CSE | M177: C | O177: C | P177: civil line,talbehat | Q177: 202401100200167 | R177: KASHYAP | S177: TIWARI | T177: 2
A178: =IF(M177<>M178,"1",A177+1) -> 21 | B178: 2400290100168 | C178: 2428CSE2383 | D178: KAVINABH GAUTAM | E178: LT MANOJ GAUTAM | G178: 8285853125 | H178: 8285853125 | I178: 8285853125 | J178: kavinabh.2428cse2383@kiet.edu | K178: M | L178: CSE | M178: C | O178: C | P178: B-92 patel nagar 2nd ghaziabad | Q178: 202401100200168 | R178: KAVINABH | S178: GAUTAM | T178: 2
A179: =IF(M178<>M179,"1",A178+1) -> 22 | B179: 2400290100169 | C179: 2428CSE1659 | D179: KESHAV KUMAR | E179: DATTATRAY SHARAN | G179: 6200276093 | H179: 9608919737 | I179: 9608919737 | J179: keshav.2428cse1659@kiet.edu | K179: M | L179: CSE | M179: C | O179: C | P179: NEAR API BHAWAN HOASPITAL SWARAJPURIROAD , GAYA , BIHAR | Q179: 202401100200169 | R179: KESHAV | S179: KUMAR | T179: 2
A180: =IF(M179<>M180,"1",A179+1) -> 23 | B180: 2400290100170 | C180: 2428CSE1912 | D180: KHUSHBOO RAJPUT | E180: MANOJ KUMAR SINGH | G180: 9548873207 | H180: 9719357104 | I180: 8445099463 | J180: khushboo.2428cse1912@kiet.edu | K180: F | L180: CSE | M180: C | O180: C | P180: 2A/271 awas vijas colony shikohabad, firozabad | Q180: 202401100200170 | R180: KHUSHBOO | S180: RAJPUT | T180: 2
A181: =IF(M180<>M181,"1",A180+1) -> 24 | B181: 2400290100171 | C181: 2428CSE834 | D181: KISHAN KUMAR KASAUDHAN | E181: PAWAN KUMAR KASAUDHAN | G181: 9140741944 | H181: 9956613390 | I181: 8953149100 | J181: kishan.2428cse834@kiet.edu | K181: M | L181: CSE | M181: C | O181: C | P181: 157,0 ,MAYANG MOAD DHANPATGANJ ,ATAR SUMA KALAN | Q181: 202401100200171 | R181: KISHAN | S181: KUMAR KASAUDHAN | T181: 2
A182: =IF(M181<>M182,"1",A181+1) -> 25 | B182: 2400290100172 | C182: 2428CSE2200 | D182: KOMAL SINGH | E182: UPENDRA KUMAR SINGH | G182: 6201972290 | H182: 7992267441 | I182: 9572740083 | J182: komal.2428cse2200@kiet.edu | K182: F | L182: CSE | M182: C | O182: C | P182: Vill+ post- sonauli, P.S - Mashrak, saran Pin-841421 | Q182: 202401100200172 | R182: KOMAL | S182: SINGH | T182: 2
A183: =IF(M182<>M183,"1",A182+1) -> 26 | B183: 2400290100173 | C183: 2428CSE1158 | D183: KRATIKA GUPTA | E183: ALOK GUPTA | G183: 9769966000 | H183: 9616775151 | I183: 9453018428 | J183: kratika.2428cse1158@kiet.edu | K183: F | L183: CSE | M183: C | O183: C | P183: Raiganj chauraha | Q183: 202401100200173 | R183: KRATIKA | S183: GUPTA | T183: 2
A184: =IF(M183<>M184,"1",A183+1) -> 27 | B184: 2400290100174 | C184: 2428CSE1062 | D184: KRISH GUPTA | E184: MANOJ KUMAR GUPTA | G184: 9368917325 | H184: 9149138330 | I184: 9758822926 | J184: krish.2428cse1062@kiet.edu | K184: M | L184: CSE | M184: C | O184: C | P184: H.NO- 7/748, BARTALA YADGAR, NEAR COAL DEPO, SAHARANPUR, 247001, UTTAR PRADESH | Q184: 202401100200174 | R184: KRISH | S184: GUPTA | T184: 2
A185: =IF(M184<>M185,"1",A184+1) -> 28 | B185: 2400290100175 | C185: 2428CSE1307 | D185: KRISH KUMAR CHAURASIA | E185: SUJIT KUMAR CHAURASIA | G185: 9026936455 | H185: 9450307814 | I185: 6307471703 | J185: krish.2428cse1307@kiet.edu | K185: M | L185: CSE | M185: C | O185: C | P185: J.P Colony ,Patel nagar , murdhawa, renukoot , sonbhadra | Q185: 202401100200175 | R185: KRISH | S185: KUMAR CHAURASIA | T185: 2
A186: =IF(M185<>M186,"1",A185+1) -> 29 | B186: 2400290100176 | C186: 2428CSE2165 | D186: KRISHNA GUPTA | E186: SANJAY GUPTA | G186: 9568105144 | H186: 8433019260 | I186: 7017746967 | J186: krishna.2428cse2165@kiet.edu | K186: M | L186: CSE | M186: C | O186: C | P186: Krishnanagar Modinagar UP, opp. to modi steels, street no. 2, near honda showroom | Q186: 202401100200176 | R186: KRISHNA | S186: GUPTA | T186: 2
... A230: =IF(M229<>M230,"1",A229+1) -> 73 | B230: 2400290100220 | C230: 2428CSE1742 | D230: OM PRAKASH YADAV | E230: PRAMOD KUMAR YADAV | G230: 6386051911 | H230: 9695398798 | I230: 7318278138 | J230: om.2428cse1742@kiet.edu | K230: M | L230: CSE | M230: C | O230: C | P230: Piparkhad,Kewal,Kone, Sonebhadra Uttar Pradesh | Q230: 202401100200220 | R230: OM | S230: PRAKASH YADAV | T230: 2
A231: =IF(M230<>M231,"1",A230+1) -> 74 | B231: 202501200200012 | D231: KHUSHI GULWANI | G231: 8791500767 | J231: khushi.252002012@kiet.edu | K231: F | L231: CSE | M231: C | O231: C | Q231: 2025D00211C01802 | T231: 2
A232: =IF(M231<>M232,"1",A231+1) -> 75 | B232: 202501200200013 | D232: KHUSHI VERMA | G232: 6388871044 | J232: khushi.252002013@kiet.edu | K232: F | L232: CSE | M232: C | O232: C | Q232: 202501200200017 | T232: 2
A233: =IF(M232<>M233,"1",A232+1) -> 76 | B233: 202501200200014 | D233: KISHAN SUCHINDRA PANDEY | G233: 7068332390 | J233: kishan.252002014@kiet.edu | K233: M | L233: CSE | M233: C | O233: C | Q233: 202501200200011 | T233: 2
A234: =IF(M233<>M234,"1",A233+1) -> 77 | B234: 202501200200015 | D234: KRISHNA NAND YADAV | G234: 8922093772 | J234: krishna.252002015@kiet.edu | K234: M | L234: CSE | M234: C | O234: C | Q234: 202501200200010 | T234: 2
A235: =IF(M234<>M235,"1",A234+1) -> 78 | B235: 202501200200016 | D235: NIRAJ KUMAR KUSHWAHA | G235: 9651887685 | J235: niraj.252002016@kiet.edu | K235: M | L235: CSE | M235: C | O235: C | Q235: 202501200200009 | T235: 2
A236: =IF(M235<>M236,"1",A235+1) -> 79 | B236: 202501200200027 | D236: ADITYA KUMAR | G236: 8868026228 | K236: M | L236: CSE | M236: C | O236: C | Q236: 202501200200027 | T236: 2
A237: =IF(#REF!<>M237,"1",A237+1) -> #REF! | B237: 2400290100221 | C237: 2428CSE999 | D237: PAARTH GUPTA | E237: MANOJ KUMAR GUPTA | G237: 6392474621 | H237: 9452894499 | I237: 9919622474 | J237: paarth.2428cse999@kiet.edu | K237: M | L237: CSE | M237: D | P237: H no 147, moh Tirth, Aliganj Road, Near Sushila Nursing Home, Gola Gokarannath Kheri | Q237: 202401100200221 | R237: PAARTH | S237: GUPTA | T237: 2
A238: =IF(M237<>M238,"1",A237+1) -> #REF! | B238: 2400290100222 | C238: 2428CSE1250 | D238: PARAMJEET SINGH | E238: GURUNAM SINGH | G238: 9548131414 | H238: 9917740979 | I238: 8630561689 | J238: paramjeet.2428cse125@kiet.edu | K238: M | L238: CSE | M238: D | P238: 5/48,ITI road,near nale ki puliya,hari vilas nagar,koil,aligarh | Q238: 202401100200222 | R238: PARAMJEET | S238: SINGH | T238: 2
A239: =IF(M238<>M239,"1",A238+1) -> #REF! | B239: 2400290100223 | C239: 2428CSE247 | D239: PARIDHI JAIN | E239: PIYUSH JAIN | G239: 7017919740 | H239: 8077477839 | I239: 9268779172 | J239: paridhi.2428cse247@kiet.edu | K239: F | L239: CSE | M239: D | P239: HOUSE NO 606, RAMA COLONY, NEHRU ROAD, BARAUT, BAGHPAT | Q239: 202401100200223 | R239: PARIDHI | S239: JAIN | T239: 2
A240: =IF(M239<>M240,"1",A239+1) -> #REF! | B240: 2400290100224 | C240: 2428CSE1836 | D240: PAWAN GAUR | E240: VIRENDRA PRASAD | G240: 9026672409 | H240: 7275427238 | I240: 6394707529 | J240: pawan.2428cse1836@kiet.edu | K240: M | L240: CSE | M240: D | P240: Ward no 20 Shahid bhagat singh nagar kushinagar, Anrudhwa | Q240: 202401100200224 | R240: PAWAN | S240: GAUR | T240: 2
A241: =IF(M240<>M241,"1",A240+1) -> #REF! | B241: 2400290100225 | C241: 2428CSE1791 | D241: PAWAN KUMAR MISHRA | E241: RAVI PRATAP MISHRA | G241: 8400018527 | H241: 9935325853 | I241: 7398448750 | J241: pawan.2428cse1791@kiet.edu | K241: M | L241: CSE | M241: D | P241: Village & post : Kanaicha, District : Gorakhpur, UP 273413 | Q241: 202401100200225 | R241: PAWAN | S241: KUMAR MISHRA | T241: 2
A242: =IF(M241<>M242,"1",A241+1) -> #REF! | B242: 2400290100226 | C242: 2428CSE1688 | D242: PIYUSH CHAUDHARY | E242: MULKRAJ CHAUDHARY | G242: 6396789234 | H242: 9319204501 | I242: 9319204501 | J242: piyush.2428cse1688@kiet.edu | K242: M | L242: CSE | M242: D | P242: 2/1 Yadgarpur Kila Road, Jail Chungi, Meerut | Q242: 202401100200226 | R242: PIYUSH | S242: CHAUDHARY | T242: 2
A243: =IF(M242<>M243,"1",A242+1) -> #REF! | B243: 2400290100227 | C243: 2428CSE795 | D243: PRACHI SINGH | E243: RAKESH KUMAR | G243: 7017228990 | H243: 6395717192 | I243: 9997748542 | J243: prachi.2428cse795@kiet.edu | K243: F | L243: CSE | M243: D | P243: Naveen nagar,Saharanpur | Q243: 202401100200227 | R243: PRACHI | S243: SINGH | T243: 2
A244: =IF(M243<>M244,"1",A243+1) -> #REF! | B244: 2400290100228 | C244: 2428CSE1019 | D244: PRAKHAR SRIVASTAVA | E244: INDRAJEET KUMAR SRIVASTAVA | G244: 8303822422 | H244: 7007116563 | I244: 9569059262 | J244: prakhar.2428cse1019@kiet.edu | K244: M | L244: CSE | M244: D | P244: 594-GHA/230/3, Durgapuri, Nilmatha, Lucknow,Uttar Pradesh | Q244: 202401100200228 | R244: PRAKHAR | S244: SRIVASTAVA | T244: 2
A245: =IF(M244<>M245,"1",A244+1) -> #REF! | B245: 2400290100229 | C245: 2428CSE1211 | D245: PRANAY JAISWAL | E245: SUNIL KUMAR JAISWAL | G245: 7985808375 | H245: 9696057787 | I245: 9358611921 | J245: pranay.2428cse1211@kiet.edu | K245: M | L245: CSE | M245: D | P245: 10/41 Vikas Nagar Lucknow | Q245: 202401100200229 | R245: PRANAY | S245: JAISWAL | T245: 2
A246: =IF(M245<>M246,"1",A245+1) -> #REF! | B246: 2400290100230 | C246: 2428CSE1272 | D246: PRANJAL MISHRA | E246: SHUBHENDRA SHANKAR MISHRA | G246: 9119017692 | H246: 8171904023 | I246: 9359822377 | J246: pranjal.2428cse1272@kiet.edu | K246: M | L246: CSE | M246: D | P246: House no -199, Narsi Village, Kosi Kalan, Mathura | Q246: 202401100200230 | R246: PRANJAL | S246: MISHRA | T246: 2
A247: =IF(M246<>M247,"1",A246+1) -> #REF! | B247: 2400290100231 | C247: 2428CSE1598 | D247: PRANJAL SINGH | E247: DEEWAN SINGH | G247: 9625516247 | H247: 8287841072 | I247: 9205425598 | J247: pranjal.2428cse1598@kiet.edu | K247: M | L247: CSE | M247: D | P247: 337-B, Nyay Khand 3, Indirapuram, Ghaziabad | Q247: 202401100200231 | R247: PRANJAL | S247: SINGH | T247: 2
A248: =IF(M247<>M248,"1",A247+1) -> #REF! | B248: 2400290100232 | C248: 2428CSE1583 | D248: PRANJALI SEHRAWAT | E248: HARVENDRA SINGH | G248: 9548286343 | H248: 9457686147 | I248: 9411635561 | J248: pranjali.2428cse1583@kiet.edu | K248: F | L248: CSE | M248: D | P248: Village Alinagar, Post Mehmoodpur mafi | Q248: 202401100200232 | R248: PRANJALI | S248: SEHRAWAT | T248: 2
A249: =IF(M248<>M249,"1",A248+1) -> #REF! | B249: 2400290100233 | C249: 2428CSE1111 | D249: PRANJIL SINGH | E249: SUNIL KUMAR | G249: 9142335452 | H249: 7488051136 | I249: 8853611410 | J249: pranjil.2428cse1111@kiet.edu | K249: M | L249: CSE | M249: D | P249: 303 B, Sundram Vatika, Rupaspur | Q249: 202401100200233 | R249: PRANJIL | S249: SINGH | T249: 2
... A306: =IF(M305<>M306,"1",A305+1) -> #REF! | B306: 2400290100290 | C306: 2428CSE2257 | D306: SHIVANK TYAGI | E306: ANUJ TYAGI | G306: 8533969274 | H306: 8650286136 | I306: 7817845656 | J306: shivank.2428cse2257@kiet.edu | K306: M | L306: CSE | M306: D | P306: Peer nagar soodna | Q306: 202401100200291 | R306: SHIVANK | S306: TYAGI | T306: 2
A307: =IF(M306<>M307,"1",A306+1) -> #REF! | B307: 2400290110177 | C307: 2428CSIT1057 | D307: SHIVANSH SRIVASTAVA | E307: RAJNEESH KUMAR SRIVASTAVA | G307: 9569596849 | J307: shivansh.2428csit105@kiet.edu | K307: M | L307: CSE | M307: D | T307: 2
A308: =IF(M307<>M308,"1",A307+1) -> #REF! | B308: 2400290130076 | C308: 2428IT384 | D308: DIYA KATARIA | E308: TARUN KATARIA | G308: 8178861517 | J308: diya.2428it384@kiet.edu | K308: F | L308: CSE | M308: D | T308: 2
A309: =IF(M308<>M309,"1",A308+1) -> #REF! | B309: 2400290310042 | C309: 2428ELCE425 | D309: ARJUN AGRAWAL | E309: AMIT AGRAWAL | G309: 9958078417 | J309: arjun.2428elce425@kiet.edu | K309: M | L309: CSE | M309: D | T309: 2
A310: =IF(M309<>M310,"1",A309+1) -> #REF! | B310: 202501200200017 | D310: PANKAJ BHARGAV | G310: 7985281618 | J310: pankaj.252002017@kiet.edu | K310: M | L310: CSE | M310: D | Q310: 202501200200014 | T310: 2
A311: =IF(M310<>M311,"1",A310+1) -> #REF! | B311: 202501200200018 | D311: PANKAJ CHAUDHARY | G311: 7839781033 | J311: pankaj.252002018@kiet.edu | K311: M | L311: CSE | M311: D | Q311: 202501200200020 | T311: 2
A312: =IF(M311<>M312,"1",A311+1) -> #REF! | B312: 202501200200019 | D312: PRACHI | G312: 8394074281 | J312: prachi.252002019@kiet.edu | K312: M | L312: CSE | M312: D | Q312: 202501200200004 | T312: 2
A313: =IF(M312<>M313,"1",A312+1) -> #REF! | B313: 202501200200020 | D313: PRAKHAR UPADHYAY | G313: 9068722449 | J313: prakhar.252002020@kiet.edu | K313: M | L313: CSE | M313: D | Q313: 202501200200019 | T313: 2
A314: =IF(M313<>M314,"1",A313+1) -> #REF! | B314: 202501200200021 | D314: PRIYANSHU NIGAM | G314: 9557472558 | J314: priyanshu.252002021@kiet.edu | K314: M | L314: CSE | M314: D | Q314: 202501200200023 | T314: 2
A315: =IF(M314<>M315,"1",A314+1) -> #REF! | B315: 202501200200023 | D315: RAMAN BHARGAV | G315: 9140724458 | K315: M | L315: CSE | M315: D | Q315: 202501200200023 | T315: 2
A316: =IF(M230<>M316,"1",A316+1) -> 1 | B316: 2400290100292 | C316: 2428CSE1929 | D316: SHIVENDRA PRATAP | E316: JAWAHIR PRASAD | G316: 8810909883 | H316: 9569549952 | I316: 9598581823 | J316: shivendra.2428cse192@kiet.edu | K316: M | L316: CSE | M316: E | O316: E | P316: Village Barohia Post Jagdaur Tehsil Nichlaul District Maharajganj | Q316: 202401100200293 | R316: SHIVENDRA | S316: PRATAP | T316: 2
A317: =IF(M316<>M317,"1",A316+1) -> 2 | B317: 2400290100293 | C317: 2428CSE557 | D317: SHRADHA | E317: JAGDAMBA SINGH | G317: 8287701961 | H317: 8510014284 | I317: 9871965781 | J317: shradha.2428cse557@kiet.edu | K317: F | L317: CSE | M317: E | O317: E | P317: sewa nagar Ghaziabad Gali no.5 H.No.413 | Q317: 202401100200294 | R317: SHRADHA | S317: CSE | T317: 2
A318: =IF(M317<>M318,"1",A317+1) -> 3 | B318: 2400290100294 | C318: 2428ELCE1503 | D318: SHREYA GUPTA | E318: AVADHESH KUMAR GUPTA | G318: 8840527132 | H318: 9026600937 | I318: 9451597658 | J318: shreya.2428elce1503@kiet.edu | K318: F | L318: CSE | M318: E | O318: E | P318: 106/87 Gandhi Nagar P.Road Kanpur | Q318: 202401100200295 | R318: SHREYA | S318: GUPTA | T318: 2
...

Sheet CSE III
A1: S.No. | B1: University Roll No | C1: Library Id | D1: NAME | E1: FATHER NAME | F1: MOTHER NAME | G1: STUDENT MOB. | H1: FATHER MOB | I1: MOTHER MOB | J1: E-Mail ID | K1: Personal Email id | L1: GENDER | M1: BRANCH | N1: SEC | O1: Sign. | P1: 10th | Q1: 12th | R1: DOB | S1: DOB (DD/MM/YYYY) | U1: Address | V1: Year
A2: 1 | B2: 2300290100001 | C2: 2327CSE1239 | D2: AADARSH KESARWANI | E2: SUNIL KESARWANI | G2: 7348604322 | H2: 6386836667 | I2: 7348604322 | J2: aadarsh.2327cse1239@kiet.edu | K2: adarsh.08122003@gmail.com | L2: MALE | M2: CSE | N2: A | P2: 85.5 | Q2: 86.5 | R2: 37963 | S2: 08/12/2003 | T2: A | U2: 83a/66, juhi hameerpur, juhi colony kanpur nagar up kanpur nagar kanpur nagar 208014kanpur nagar upkanpur nagar | V2: 3
A3: =IF(N2<>N3,"1",A2+1) -> 2 | B3: 2300290100002 | C3: 2327CSE1112 | D3: AAKASH PATHAK | E3: HARIKESH PATHAK | G3: 8791696605 | H3: 8057903565 | I3: 8057903565 | J3: aakash.2327cse1112@kiet.edu | K3: aakashpathak805.a@gmail.com | L3: MALE | M3: CSE | N3: A | P3: 81.83 | Q3: 74.33 | R3: 37924 | S3: 30/10/2003 | T3: A | U3: H. NO. 84, Veena enclave,p.a.c road,subhash nagar,jwalapur Haridwar Haridwar 249407----Haridwar | V3: 3
A4: =IF(N3<>N4,"1",A3+1) -> 3 | B4: 2300290100003 | C4: 2327CSE1050 | D4: AARYAN KUMAR | E4: YOGENDRA KUMAR | G4: 9389633094 | H4: 6398795526 | I4: 9389633094 | J4: aaryan.2327cse1050@kiet.edu | K4: aaryan19ak@gmail.com | L4: MALE | M4: CSE | N4: A | P4: 87.67 | Q4: 91.2 | R4: 38856 | S4: 19/05/2006 | T4: A | U4: h.no126, shahpur nij morta ghaziabad ghazibaad 201003----ghaziabad | V4: 3
A5: =IF(N4<>N5,"1",A4+1) -> 4 | B5: 2300290100004 | C5: 2327CSE1125 | D5: ABHAY PRATAP MAURYA | E5: SATYA VRAT DAS | G5: 7905312943 | H5: 9919280508 | I5: 7905312943 | J5: abhay.2327cse1125@kiet.edu | K5: abhaypratap1213@gmail.com | L5: MALE | M5: CSE | N5: A | P5: 88 | Q5: 78 | R5: 38882 | S5: 14/06/2006 | T5: A | U5: KATAKA MARAUTHA BAHRAICH Bahraich 271903----BAHRAICH | V5: 3
A6: =IF(N5<>N6,"1",A5+1) -> 5 | B6: 2300290100005 | C6: 2327CSE1256 | D6: ABHAY PRATAP SINGH | E6: RAMNIWAS SINGH | F6: TARA DEVI | G6: 9670360309 | H6: 8052724538 | I6: 9670360309 | J6: abhay.2327cse1256@kiet.edu | K6: abhaypratapsingh967036@gmail.com | L6: MALE | M6: CSE | N6: A | P6: 82.2 | Q6: 89.8 | R6: 38353 | S6: 01/01/2005 | T6: A | U6: sathiyaw, fazil nagar gorakhpur kushinagar 274401----gorakhpur | V6: 3
A7: =IF(N6<>N7,"1",A6+1) -> 6 | B7: 2300290100006 | C7: 2327CSE1105 | D7: ABHIJEET KUMAR | E7: SURENDRA KUMAR | F7: GEETA | G7: 8077107461 | H7: 9045666106 | I7: 8859057023 | J7: abhijeet.2327cse1105@kiet.edu | K7: abhijeetkumark.sg@gmail.com | L7: MALE | M7: CSE | N7: A | P7: 90.8 | Q7: 74.2 | R7: 37876 | S7: 12/09/2003 | T7: A | U7: h.no.36, nikat trimurti bhawan sanjay nagar, bareilly bareilly 243001sanjay nagar, bareilly---- | V7: 3
A8: =IF(N7<>N8,"1",A7+1) -> 7 | B8: 2300290100007 | C8: 2327CSE1272 | D8: ABHIJEET VINAY JHA | E8: VINAY KUMAR JHA | G8: 8178422210 | H8: 7503311257 | I8: 9717373622 | J8: abhijeet.2327cse1272@kiet.edu | K8: abhijeetvinayjha@gmail.com | L8: MALE | M8: CSE | N8: A | P8: 96.2 | Q8: 86.8 | R8: 38763 | S8: 15/02/2006 | T8: A | U8: 201/21 lotus welfare society, omicron 03, eachachar greater noida gautam buddha nagar 201310----greater noida | V8: 3
A9: =IF(N8<>N9,"1",A8+1) -> 8 | B9: 2300290100008 | C9: 2327CSE1223 | D9: ABHINAV BATRA | E9: NAVEEN KUMAR | F9: MEENU ARORA | G9: 8979998069 | H9: 9810781666 | I9: 8449579831 | J9: abhinav.2327cse1223@kiet.edu | K9: abhinavbatra1110@gmail.com | L9: MALE | M9: CSE | N9: A | P9: 90.6 | Q9: 90.8 | R9: 38636 | S9: 11/10/2005 | T9: A | U9: SHIVAM VIHAR NEAR PAKWAAN RESTAURANT, MURADNAGAR muradnagar ghaziabad 201206----muradnagar | V9: 3
A10: =IF(N9<>N10,"1",A9+1) -> 9 | B10: 2300290100009 | C10: 2327CSE1056 | D10: ABHINAV KUMAR | E10: MAHESH KUMAR | G10: 7900771385 | H10: 8859430304 | I10: 8979441383 | J10: abhinav.2327cse1056@kiet.edu | K10: mahesh8859430304@gmail.com | L10: MALE | M10: CSE | N10: A | P10: 75.8 | Q10: 88.6 | R10: 38544 | S10: 11/07/2005 | T10: A | U10: b105 meel ford city phase 2, gali no2, rohta road meerut meerut 250002----meerut | V10: 3
A11: =IF(N10<>N11,"1",A10+1) -> 10 | B11: 2300290100010 | C11: 2327CSE1212 | D11: ABHINAV SINGH | E11: GAJENDRA SINGH | G11: 9521399490 | H11: 9415432951 | I11: 9450637391 | J11: abhinav.2327cse1212@kiet.edu | K11: ABHINAVDYBALA10@GMAIL.COM | L11: MALE | M11: CSE | N11: A | P11: 91.6 | Q11: 87.4 | R11: 38324 | S11: 03/12/2004 | T11: A | U11: 37, RANAPUR, NISGAR MU. Bhojpur (Raebareli) Raebareli 229202----Bhojpur (Raebareli) | V11: 3
A12: =IF(N11<>N12,"1",A11+1) -> 11 | B12: 2300290100011 | C12: 2327CSE1124 | D12: ABHINAV TYAGI | E12: RAJAN TYAGI | F12: BABITA TYAGI | G12: 7466977201 | H12: 9837180276 | I12: 9012965228 | J12: abhinav.2327cse1124@kiet.edu | K12: nababhi2244@gmail.com | L12: MALE | M12: CSE | N12: A | P12: 94 | Q12: 95.4 | R12: 38499 | S12: 27/05/2005 | T12: A | U12: kailashpuri ward no10, niwari dehat, ghaziabad ghaziabad ghaziabad 201204----ghaziabad | V12: 3
A13: =IF(N12<>N13,"1",A12+1) -> 12 | B13: 2300290100012 | C13: 2327CSE1198 | D13: ABHISHEK GUPTA | E13: SHRI RAM GUPTA | G13: 6394158352 | H13: 7607442271 | I13: 6394158352 | J13: abhishek.2327cse1198@kiet.edu | K13: abhishekgupta639415@gmail.com | L13: MALE | M13: CSE | N13: A | P13: 77.4 | Q13: 72.2 | R13: 37987 | S13: 01/01/2004 | T13: A | U13: indaurpur urf ghinhapur post mudiyari, tandwa faridpur ambedkar nagar ambedkar nagar 224176post mudiyari, tandwa faridpurambedkar nagar | V13: 3
A14: =IF(N13<>N14,"1",A13+1) -> 13 | B14: 2300290100013 | C14: 2327CSE1182 | D14: ABHISHEK KUMAR YADAV | E14: LALLAN YADAV | G14: 7985265569 | H14: 9569530629 | I14: 9140038259 | J14: abhishek.2327cse1182@kiet.edu | K14: kumarabhishekyadav87@gmail.com | L14: MALE | M14: CSE | N14: A | P14: 98.4 | Q14: 96.2 | R14: 38541 | S14: 08/07/2005 | T14: A | U14: gram anjahi post parwarpar GRAM ANJAHI POST PARWARPAR kushinagar KUSHINAGAR 274305GRAM ANJAHI POST PARWARPARkushinagar | V14: 3
A15: =IF(N14<>N15,"1",A14+1) -> 14 | B15: 2300290100014 | C15: 2327CSE1140 | D15: ABHISHEK SINGH | E15: RAMPALAT | G15: 9335192268 | H15: 9936538093 | I15: 9335192268 | J15: abhishek.2327cse1140@kiet.edu | K15: abhisheksingh33404@gmail.com | L15: MALE | M15: CSE | N15: A | P15: 67.6 | Q15: 59.2 | R15: 38457 | S15: 15/04/2005 | T15: A | U15: rampalat,vill rampur post mansurganj mansurganj MAHARAJGANJ 273165----mansurganj | V15: 3
A16: =IF(N15<>N16,"1",A15+1) -> 15 | B16: 2300290100015 | C16: 2327CSE1047 | D16: ABHISHEK TOMAR | E16: SUDHIR TOMAR | F16: SEEMA TOMAR | G16: 7310932203 | H16: 9760104481 | I16: 9027020588 | J16: abhishek.2327cse1047@kiet.edu | K16: abhishektomarai99@gmail.com | L16: MALE | M16: CSE | N16: A | P16: 80.83 | Q16: 59.8 | R16: 38616 | S16: 21/09/2005 | T16: A | U16: 131/a, punjabi colony shamli MUZAFFARNAGAR Muzaffarnagar 247776shamliMUZAFFARNAGAR | V16: 3
A17: =IF(N16<>N17,"1",A16+1) -> 16 | B17: 2300290100016 | C17: 2327CSE1123 | D17: ADARSH PANWAR | E17: ARUN KUMAR | G17: 7701939359 | H17: 6005266060 | I17: 7302288283 | J17: adarsh.2327cse1123@kiet.edu | K17: adarshpanwar1444@gmail.com | L17: MALE | M17: CSE | N17: A | P17: 77.2 | Q17: 65 | R17: 38094 | S17: 17/04/2004 | T17: A | U17: c 303 sainik vihar, meerut meerut meerut 250001----meerut | V17: 3
A18: =IF(N17<>N18,"1",A17+1) -> 17 | B18: 2300290100017 | C18: 2327CSE1273 | D18: ADITYA BHARDWAJ | E18: PRAVESH BHARDWAJ | F18: RAJANI BHARDWAJ | G18: 8449697271 | H18: 9627883532 | I18: 9193467909 | J18: aditya.2327cse1273@kiet.edu | K18: adibhardwaj0707@gmail.com | L18: MALE | M18: CSE | N18: A | P18: 84.2 | Q18: 74.6 | R18: 38164 | S18: 26/06/2004 | T18: A | U18: 50 rama ashram bihari vilas tundla FIROZABAD Firozabad 283204----FIROZABAD | V18: 3
A19: =IF(N18<>N19,"1",A18+1) -> 18 | B19: 2300290100018 | C19: 2327CSE1197 | D19: ADITYA GIRI | E19: SANJAY KUMAR GIRI | G19: 9650782742 | H19: 9911257884 | I19: 9650782742 | J19: aditya.2327cse1197@kiet.edu | K19: Aditya.2327cse1197@kiet.edu | L19: MALE | M19: CSE | N19: A | P19: 83.83 | Q19: 83.83 | R19: 38188 | S19: 20/07/2004 | T19: A | U19: SALEKHAN PATTI BANGAON JAUNPUR Jaunpur 222125BANGAONJAUNPUR | V19: 3
A20: =IF(N19<>N20,"1",A19+1) -> 19 | B20: 2300290100019 | C20: 2327CSE1168 | D20: ADITYA KUMAR MISHRA | E20: ARVIND KUMAR MISHRA | F20: RANJU MISHRA | G20: 9452760094 | H20: 8318810087 | I20: 9455946751 | J20: aditya.2327cse1168@kiet.edu | K20: adityamishra2245@gmail.com | L20: MALE | M20: CSE | N20: A | P20: 72.8 | Q20: 67.4 | R20: 38462 | S20: 20/04/2005 | T20: A | U20: gram katghara,mahalu,post undura,katghara mahalu mau Mau 221603----mau | V20: 3
A21: =IF(N20<>N21,"1",A20+1) -> 20 | B21: 2300290100020 | C21: 2327CSE1085 | D21: ADITYA PANDEY | E21: SHAILENDRA KUMAR PANDEY | G21: 6387967066 | H21: 9219550436 | I21: 9219550436 | J21: aditya.2327cse1085@kiet.edu | K21: pandeyhere23@gmail.com | L21: MALE | M21: CSE | N21: A | P21: 80 | Q21: 85.6 | R21: 38335 | S21: 14/12/2004 | T21: A | U21: qwa no 2 government press officer coloney aishbagh LUCKNOW Lucknow 226004aishbaghLUCKNOW | V21: 3
A22: =IF(N21<>N22,"1",A21+1) -> 21 | B22: 2300290100021 | C22: 2327CSE1142 | D22: ADITYA RAI | E22: RAJENDA KUMAR RAI | F22: POONAM RAI | G22: 8318290660 | H22: 9451957028 | I22: 7521990790 | J22: aditya.2327cse1142@kiet.edu | K22: raiaditya0106@gmail.com | L22: MALE | M22: CSE | N22: A | P22: 93 | Q22: 92.8 | R22: 38720 | S22: 03/01/2006 | T22: A | U22: shikar garh maharajganj MAHARAJGANJ Maharajganj 273157----MAHARAJGANJ | V22: 3
A23: =IF(N22<>N23,"1",A22+1) -> 22 | B23: 2300290100022 | C23: 2327CSE1284 | D23: ADITYA RAJ | E23: MUKESH KUMAR BHARTI | G23: 7536040246 | H23: 8006661121 | I23: 9675152414 | J23: aditya.2327cse1284@kiet.edu | K23: aadityavivek2002@gmail.com | L23: MALE | M23: CSE | N23: A | P23: 78.67 | Q23: 72 | R23: 38172 | S23: 04/07/2004 | T23: A | U23: villpadeli, postjhuksa, tehdataganj budaun BUDAUN Budaun 243630budaunBUDAUN | V23: 3
A24: =IF(N23<>N24,"1",A23+1) -> 23 | B24: 2300290100023 | C24: 2327CSE1224 | D24: ADITYA SHARMA | E24: RAJESH KUMAR SHARMA | F24: NEELAM SAINI | G24: 8318953338 | H24: 8953185357 | I24: 9695965141 | J24: aditya.2327cse1224@kiet.edu | K24: sharma.adityaaa0001@gmail.com | L24: MALE | M24: CSE | N24: A | P24: 76 | Q24: 54.03 | R24: 38460 | S24: 18/04/2005 | T24: A | U24: gauhar pura shahjahanpur Shahjahanpur 242001----shahjahanpur | V24: 3
A25: =IF(N24<>N25,"1",A24+1) -> 24 | B25: 2300290100024 | C25: 2327CSE1216 | D25: ADITYA YADAV | E25: ARJUN KUMAR YADAV | G25: 9415585070 | H25: 9452049219 | I25: 9120124327 | J25: aditya.2327cse1216@kiet.edu | K25: ay5860840@gmail.com | L25: MALE | M25: CSE | N25: A | P25: 94 | Q25: 86 | R25: 37920 | S25: 26/10/2003 | T25: A | U25: pradhan tola sihapur GORAKHPUR Gorakhpur 273209sihapurGORAKHPUR | V25: 3
A26: =IF(N25<>N26,"1",A25+1) -> 25 | B26: 2300290100025 | C26: 2327CSE1006 | D26: AIMAN SIDDIQUI | E26: KHURRAM ANIS | F26: AFZAL NISHAT | G26: 8445377459 | H26: 9897052951 | I26: 8445377459 | J26: aiman.2327cse1006@kiet.edu | K26: siddiquianisaiman@gmail.com | L26: FEMALE | M26: CSE | N26: A | P26: 93.4 | Q26: 94 | R26: 38460 | S26: 18/04/2005 | T26: A | U26: vill. sikri muzzafarnagar MUZZAFARNAGAR 251308----muzzafarnagar | V26: 3
A27: =IF(N26<>N27,"1",A26+1) -> 26 | B27: 2300290100026 | C27: 2327CSE1023 | D27: AKANKSHA MANDAL | E27: DINESH MANDAL | G27: 9140078995 | H27: 9559338888 | I27: 8840740682 | J27: akanksha.2327cse1023@kiet.edu | K27: akankshamandal04@gmail.com | L27: FEMALE | M27: CSE | N27: A | P27: 95.33 | Q27: 94 | R27: 38199 | S27: 31/07/2004 | T27: A | U27: n12, 266T91, shivrajnagar colony mahmoorgunj, varanasi VARANASI Varanasi 221010mahmoorgunj, varanasiVARANASI | V27: 3
A28: =IF(N27<>N28,"1",A27+1) -> 27 | B28: 2300290100027 | C28: 2327CSE1127 | D28: AKHIL KUMAR | E28: PRAMOD KUMAR | G28: 9044109957 | H28: 9565397678 | I28: 8960020347 | J28: akhil.2327cse1127@kiet.edu | K28: akhil87901@gmail.com | L28: MALE | M28: CSE | N28: A | P28: 88.5 | Q28: 80.33 | R28: 38718 | S28: 01/01/2006 | T28: A | U28: VILLAGE KANAILA KHURD post KANAILA khas village kanaila khurd basti 272301----village kanaila khurd | V28: 3
A29: =IF(N28<>N29,"1",A28+1) -> 28 | B29: 2300290100028 | C29: 2327CSE1204 | D29: AKHILESH SINGH | E29: RANVEER SINGH | F29: RENU SINGH | G29: 9125240079 | H29: 9453283704 | I29: 9919450477 | J29: akhilesh.2327cse1204@kiet.edu | K29: akhileshblp1981@gmail.com | L29: MALE | M29: CSE | N29: A | P29: 80 | Q29: 68.83 | R29: 38365 | S29: 13/01/2005 | T29: A | U29: manyariya manaria balrampur balrampur balrampur 271607----balrampur | V29: 3
A30: =IF(N29<>N30,"1",A29+1) -> 29 | B30: 2300290100029 | C30: 2327CSE1248 | D30: AKSHAT PRAKASH SRIVASTAVA | E30: CHANDRA PRAKASH SRIVASTAVA | G30: 8887595823 | H30: 9453226019 | I30: 9450479997 | J30: akshat.2327cse1248@kiet.edu | K30: akshatsri.0712@gmail.com | L30: MALE | M30: CSE | N30: A | P30: 92.5 | Q30: 94.6 | R30: 38545 | S30: 12/07/2005 | T30: A | U30: a20/14 awas vikas colony, surajkund GORAKHPUR GORAKHPUR GORAKHPUR 273015GORAKHPURGORAKHPUR | V30: 3
A31: =IF(N30<>N31,"1",A30+1) -> 30 | B31: 2300290100030 | C31: 2327CSE1076 | D31: AKSHAT SHUKLA | E31: AKHILESH DATTA SHUKLA | G31: 9044872802 | H31: 6387900214 | I31: 9044872802 | J31: akshat.2327cse1076@kiet.edu | K31: shuklaakshatascom@gmail.com | L31: MALE | M31: CSE | N31: A | P31: 83.5 | Q31: 81.2 | R31: 38237 | S31: 07/09/2004 | T31: A | U31: belva bahuta gonda gonda GONDA 271202gondagonda | V31: 3
A32: =IF(N31<>N32,"1",A31+1) -> 31 | B32: 2300290100031 | C32: 2327CSE1075 | D32: AKSHAY CHAUHAN | E32: DHARMESH CHAUHAN | G32: 7505324445 | H32: 9719302646 | I32: 9634031079 | J32: akshay.2327cse1075@kiet.edu | K32: akshaychau123456@gmail.com | L32: MALE | M32: CSE | N32: A | P32: 88.83 | Q32: 94.83 | R32: 38955 | S32: 26/08/2006 | T32: A | U32: SALARPUR TEHSIL GARHMUKTESHWAR HAPUR HAPUR 245205----HAPUR | V32: 3
A33: =IF(N32<>N33,"1",A32+1) -> 32 | B33: 2300290100032 | C33: 2327CSE1130 | D33: AKSHAY KUMAR DUBEY | E33: RAJESH KUMAR DUBEY | G33: 9264927905 | H33: 8736920066 | I33: 9453767894 | J33: akshay.2327cse1130@kiet.edu | K33: akshaykumardubey023@gmail.com | L33: MALE | M33: CSE | N33: A | P33: 91 | Q33: 93.4 | R33: 38952 | S33: 23/08/2006 | T33: A | U33: d35/116 JANGAMBADI, VARANASI UP VARANASI VARANASI 221001----VARANASI | V33: 3
A34: =IF(N33<>N34,"1",A33+1) -> 33 | B34: 2300290100033 | C34: 2327CSE1173 | D34: AKSHAY MALIK | E34: SATENDRA | G34: 6397937798 | H34: 9536808254 | I34: 9897491360 | J34: akshay.2327cse1173@kiet.edu | K34: akshaymalik2040@gmail.com | L34: MALE | M34: CSE | N34: A | P34: 96 | Q34: 96.6 | R34: 38393 | S34: 10/02/2005 | T34: A | U34: Patti bhitarwal, lak, shamli MUZAFFARNAGAR Muzaffarnagar 247776----MUZAFFARNAGAR | V34: 3
A35: =IF(N34<>N35,"1",A34+1) -> 34 | B35: 2300290100034 | C35: 2327CSE1218 | D35: AKSHIT RAJ | E35: RAM LALA THAKUR | F35: MANJU KUMARI | G35: 7370090365 | H35: 8757405371 | I35: 8757405371 | J35: akshit.2327cse1218@kiet.edu | K35: akshitraj19@gmail.com | L35: MALE | M35: CSE | N35: A | P35: 89 | Q35: 71 | R35: 38398 | S35: 15/02/2005 | T35: A | U35: TEERA JATHMALPUR, SAMASTIPUR BIHAR BIHAR SAMASTIPUR Samastipur 847301BIHARSAMASTIPUR | V35: 3
A36: =IF(N35<>N36,"1",A35+1) -> 35 | B36: 2300290100035 | C36: 2327CSE1133 | D36: AKSHITA SINGH | E36: PRADEEP KUMAR | G36: 7505530395 | H36: 9457646335 | I36: 6395785987 | J36: akshita.2327cse1133@kiet.edu | K36: akshita.10201@gmail.com | L36: FEMALE | M36: CSE | N36: A | P36: 84.8 | Q36: 65.8 | R36: 38547 | S36: 14/07/2005 | T36: A | U36: 53/69, nawab gate near mala talkies, indra colony rampur rampur rampur 244901rampurrampur | V36: 3
A37: =IF(N36<>N37,"1",A36+1) -> 36 | B37: 2300290100036 | C37: 2327CSE1247 | D37: AMAN KUMAR | E37: AWADHESH KUMAR | G37: 8810916986 | H37: 8173801404 | I37: 8418008504 | J37: aman.2327cse1247@kiet.edu | K37: KUMARAMAN131147@GMAIL.COM | L37: MALE | M37: CSE | N37: A | P37: 85.8 | Q37: 65.4 | R37: 38244 | S37: 14/09/2004 | T37: A | U37: KHAGWAL, KHAGWAL, KHAGWAL CHANDAULI CHANDAULI 232104----CHANDAULI | V37: 3
A38: =IF(N37<>N38,"1",A37+1) -> 37 | B38: 2300290100037 | C38: 2327CSE1270 | D38: AMAN KUMAR SINGH | E38: R K SINGH | G38: 7080670307 | H38: 7807469037 | I38: 9340445963 | J38: aman.2327cse1270@kiet.edu | K38: amankumarsinghff@gmail.com | L38: MALE | M38: CSE | N38: A | P38: 86.4 | Q38: 82.6 | R38: 38412 | S38: 01/03/2005 | T38: A | U38: GAHMAR GHAZIPUR GAHMAR GHAZIPUR 232327GHAZIPURGAHMAR | V38: 3
A39: =IF(N38<>N39,"1",A38+1) -> 38 | B39: 2300290100038 | C39: 2327CSE1157 | D39: AMAN SHUKLA | E39: UMESH KUMAR SHUKLA | G39: 6386241172 | H39: 8840096018 | I39: 8840096018 | J39: aman.2327cse1157@kiet.edu | K39: amanshukla0235@gmail.com | L39: MALE | M39: CSE | N39: A | P39: 86.5 | Q39: 87.6 | R39: 38088 | S39: 11/04/2004 | T39: A | U39: 167A, keshav nagar, sitapur road, near surbhi school, nirala nagar LUCKNOW LUCKNOW Lucknow 226020LUCKNOWLUCKNOW | V39: 3
A40: =IF(N39<>N40,"1",A39+1) -> 39 | B40: 2300290100039 | C40: 2327CSE1058 | D40: AMBAR CHAKRAVARTTY | E40: KAUSHIK CHAKRAVARTTY | G40: 8800229312 | H40: 8800229501 | I40: 9821188285 | J40: ambar.2327cse1058@kiet.edu | K40: chakravarttyambar@gmail.com | L40: MALE | M40: CSE | N40: A | P40: 92.33 | Q40: 92.6 | R40: 38512 | S40: 09/06/2005 | T40: A | U40: 101 OAK TOWER,SHIPRA SRISHTI INDIRAPURAM,GHAZIABAD GHAZIABAD GHAZIABAD 201014INDIRAPURAM,GHAZIABADGHAZIABAD | V40: 3
A41: =IF(N40<>N41,"1",A40+1) -> 40 | B41: 2300290100040 | C41: 2327CSE1035 | D41: AMISHA VERMA | E41: SANJAY KUMAR | F41: MAMTA RANI | G41: 6397844230 | H41: 7017694765 | I41: 8077934762 | J41: amisha.2327cse1035@kiet.edu | K41: amishaverma116@gmail.com | L41: FEMALE | M41: CSE | N41: A | P41: 94.8 | Q41: 90.2 | R41: 38734 | S41: 17/01/2006 | T41: A | U41: H.NO.352/5 NEW MOHAN PURI, MEERUT CANTT, MEERUT MEERUT CANTT MEERUT 250001MEERUT CANTT, MEERUTMEERUT CANTT | V41: 3
A42: =IF(N41<>N42,"1",A41+1) -> 41 | B42: 2300290100041 | C42: 2327CSE1245 | D42: AMIT KUMAR | E42: DOODHNATH PRASAD | F42: PRAMILA DEVI | G42: 9335765075 | H42: 9118194402 | I42: 9455153878 | J42: amit.2327cse1245@kiet.edu | K42: kumaramitntv9335@gmail.com | L42: MALE | M42: CSE | N42: A | P42: 82 | Q42: 82 | R42: 38548 | S42: 15/07/2005 | T42: A | U42: 87 ward no 6, gandhinagar,NAUTANWA, MAHARAJGANJ 87 WARD NO 6, GANDHINAGAR,NAUTANWA, MAHARAJGANJ nautanwa maharajganj 27316487 WARD NO 6, GANDHINAGAR,NAUTANWA, MAHARAJGANJnautanwa | V42: 3
A43: =IF(N42<>N43,"1",A42+1) -> 42 | B43: 2300290100042 | C43: 2327CSE1281 | D43: AMITESH KUMAR SINGH | E43: JITENDRA SINGH | G43: 8808097955 | H43: 8004097433 | I43: 8808097955 | J43: amitesh.2327cse1281@kiet.edu | K43: amiteshmaurya647@gmail.com | L43: MALE | M43: CSE | N43: A | P43: 94.83 | Q43: 88.4 | R43: 38473 | S43: 01/05/2005 | T43: A | U43: h no 153k vill rawtpar amethia gahodila H NO 153K VILL RAWTPAR AMETHIA GAHODILA salempur deoria 274502H NO -153K VILL- RAWTPAR AMETHIA GAHODILAsalempur | V43: 3
A44: =IF(N43<>N44,"1",A43+1) -> 43 | B44: 2300290100043 | C44: 2327CSE1288 | D44: AMMAR AHMAD | E44: TAUHEED AHMAD | G44: 7982909705 | H44: 9717388849 | I44: 7982678644 | J44: ammar.2327cse1288@kiet.edu | K44: ammar.art10@gmail.com | L44: MALE | M44: CSE | N44: A | P44: 93.67 | Q44: 91.8 | R44: 38319 | S44: 28/11/2004 | T44: A | U44: 1180c,iqra road, new sir syed nagar, koil ALIGARH Aligarh Aligarh 202001ALIGARHAligarh | V44: 3
A45: =IF(N44<>N45,"1",A44+1) -> 44 | B45: 2300290100044 | C45: 2327CSE1225 | D45: ANAMIKA | E45: ANIL KUMAR | G45: 7830144489 | H45: 9758495251 | I45: 9058665251 | J45: anamika.2327cse1225@kiet.edu | K45: anamika2004811@gmail.com | L45: FEMALE | M45: CSE | N45: A | P45: 94.6 | Q45: 88.8 | R45: 38210 | S45: 11/08/2004 | T45: A | U45: vill + post halwana tehsil behat distt. saharanpur SAHARANPUR Saharanpur 247662----SAHARANPUR | V45: 3
A46: =IF(N45<>N46,"1",A45+1) -> 45 | B46: 2300290100045 | C46: 2327CSE1077 | D46: ANAND KUMAR SINGH | E46: RANJEET SINGH | G46: 6306062920 | H46: 9793759450 | I46: 7355263412 | J46: anand.2327cse1077@kiet.edu | K46: anandks8013@gmail.com | L46: MALE | M46: CSE | N46: A | P46: 87.67 | Q46: 84.4 | R46: 38023 | S46: 06/02/2004 | T46: A | U46: 596M/435 N Adarsh nagar Malhpur Dubagga Thakurganj,Lucknow lucknow Lucknow 226003Malhpur Dubagga Thakurganj,Lucknowlucknow | V46: 3
A47: =IF(N46<>N47,"1",A46+1) -> 46 | B47: 2300290100046 | C47: 2327CSE1095 | D47: ANAND MANUVANJAY AWASTHI | E47: ANAND PRAKASH AWASTHI | G47: 8467985633 | H47: 8299627040 | I47: 9452115312 | J47: anand.2327cse1095@kiet.edu | K47: jayawasthi250@gmail.com | L47: MALE | M47: CSE | N47: A | P47: 93.4 | Q47: 82.8 | R47: 38347 | S47: 26/12/2004 | T47: A | U47: h.no101, jail road, pared, sitapur sitapur sitapur 261001----sitapur | V47: 3
A48: =IF(N47<>N48,"1",A47+1) -> 47 | B48: 2300290100047 | C48: 2327CSE1274 | D48: ANANYA JAISWAL | E48: RAVINDRA KUMAR JAISWAL | F48: GEETA JAISWAL | G48: 7275251992 | H48: 9453149111 | I48: 9838309590 | J48: ananya.2327cse1274@kiet.edu | K48: ananyajaiswal262@gmail.com | L48: FEMALE | M48: CSE | N48: A | P48: 94.8 | Q48: 90 | R48: 38644 | S48: 19/10/2005 | T48: A | U48: bhiti chauraha, katra gosainganj Amsin Faizabad 224141----Amsin | V48: 3
A49: =IF(N48<>N49,"1",A48+1) -> 48 | B49: 2300290100048 | C49: 2327CSE1179 | D49: ANANYA PANDEY | E49: ANAND KUMAR PANDEY | G49: 8808194126 | H49: 8005261715 | I49: 8009044481 | J49: ananya.2327cse1179@kiet.edu | K49: ananyapandey1504@gmail.com | L49: FEMALE | M49: CSE | N49: A | P49: 94.6 | Q49: 95.4 | R49: 38092 | S49: 15/04/2004 | T49: A | U49: Village gumatahi, salempur, deoria DEORIA Deoria 274509----DEORIA | V49: 3
A50: =IF(N49<>N50,"1",A49+1) -> 49 | B50: 2300290100049 | C50: 2327CS1021 | D50: ANANYA SRIVASTAVA | E50: MANOJ KUMAR SRIVASTAVA | F50: PARUL SRIVASTAVA | G50: 8090812983 | H50: 9839805921 | I50: 9839805920 | J50: ananya.2327cs1021@kiet.edu | K50: ananya1111118@gmail.com | L50: FEMALE | M50: CSE | N50: A | P50: 92 | Q50: 92 | R50: 38336 | S50: 15/12/2004 | T50: A | U50: 2h/9m/8f, kalindipuram prayagraj PRAYAGRAJ PRAYAGRAJ 211011prayagrajPRAYAGRAJ | V50: 3
A51: =IF(N50<>N51,"1",A50+1) -> 50 | B51: 2300290100051 | C51: 2327CSE1116 | D51: ANKIT KUMAR | E51: PRAVESH KUMAR | G51: 9142185818 | H51: 6206077054 | I51: 7004523906 | J51: ankit.2327cse1116@kiet.edu | K51: 1898singhak@gmail.com | L51: MALE | M51: CSE | N51: A | P51: 95.8 | Q51: 87.2 | R51: 38077 | S51: 31/03/2004 | T51: A | U51: vill/post. kacchiyana ps lakhisarai lakhisarai LAKHISARAI 811107----lakhisarai | V51: 3
A52: =IF(N51<>N52,"1",A51+1) -> 51 | B52: 2300290100052 | C52: 2327CSE1283 | D52: ANKIT KUMAR | E52: SUMESH SAH | G52: 9142130398 | H52: 9570873919 | I52: 9142130398 | J52: ankit.2327cse1283@kiet.edu | K52: ANKITKUMARALOK746@GMAIL.COM | L52: MALE | M52: CSE | N52: A | P52: 91 | Q52: 75.8 | R52: 38039 | S52: 22/02/2004 | T52: A | U52: WARD NO 09 CHERIA BARIARPUR BIKRAMPUR BEGUSARAI BIHAR BEGUSARAI BEGUSARAI 851132BIKRAMPUR BEGUSARAI BIHARBEGUSARAI | V52: 3
A53: =IF(N52<>N53,"1",A52+1) -> 52 | B53: 2300290100053 | C53: 2327CSE1098 | D53: ANKIT YADAV | E53: RAJVEER SINGH | G53: 7518585771 | H53: 7905659731 | I53: 9696585771 | J53: ankit.2327cse1098@kiet.edu | K53: ankityadav7437@gmail.com | L53: MALE | M53: CSE | N53: A | P53: 91 | Q53: 83 | R53: 38142 | S53: 04/06/2004 | T53: A | U53: barna khurd, sithauli farrukhabad FARRUKHABAD 209749----farrukhabad | V53: 3
A54: =IF(N53<>N54,"1",A53+1) -> 53 | B54: 2300290100054 | C54: 2327CSE1235 | D54: ANMOL KHURANA | E54: RAJENDRA KHURANA | G54: 7457016951 | H54: 9971159142 | I54: 9359412700 | J54: anmol.2327cse1235@kiet.edu | K54: anmolkhurana05@gmail.com | L54: MALE | M54: CSE | N54: A | P54: 91.17 | Q54: 86.67 | R54: 38372 | S54: 20/01/2005 | T54: A | U54: 8/55f, galli no4, shiv puri, niwari road near bal upvan school modinagar ghaziabad 201204near bal upvan schoolmodinagar | V54: 3
A55: =IF(N54<>N55,"1",A54+1) -> 54 | B55: 2300290100055 | C55: 2327CSE1045 | D55: ANMOL KUMAR | E55: RAJPAL SINGH | F55: UMA DEVI | G55: 9458738347 | H55: 9837434771 | I55: 9058926773 | J55: anmol.2327cse1045@kiet.edu | K55: mranmolsingh04@gmail.com | L55: MALE | M55: CSE | N55: A | P55: 90 | Q55: 92.5 | R55: 38176 | S55: 08/07/2004 | T55: A | U55: shekpura gaddu near nahar colony, najibabad najibabad bijor 246763----najibabad | V55: 3
A56: =IF(N55<>N56,"1",A55+1) -> 55 | B56: 2300290100056 | C56: 2327CSE1037 | D56: ANMOL SRIVASTAVA | E56: PANKAJ KUMAR | G56: 9453020212 | H56: 9415847212 | I56: 8004724287 | J56: anmol.2327cse1037@kiet.edu | K56: anmol.srivastava0808@gmail.com | L56: MALE | M56: CSE | N56: A | P56: 83.29 | Q56: 86.4 | R56: 38259 | S56: 29/09/2004 | T56: A | U56: h.no.535/n near sai samrpan board ganga nagar, gorakhpur ganga nagar gorakhpur 273003ganga nagar, gorakhpurganga nagar | V56: 3
A57: =IF(N56<>N57,"1",A56+1) -> 56 | B57: 2300290100058 | C57: 2327CSE1156 | D57: ANSH KUMAR KAUSHAL | E57: SANJAY KUMAR KAUSHAL | F57: SUSHMA KAUSHAL | G57: 8081702635 | H57: 6393556836 | I57: 9415952538 | J57: ansh.2327cse1156@kiet.edu | K57: anshkaushal92@gmail.com | L57: MALE | M57: CSE | N57: A | P57: 85.5 | Q57: 84.2 | R57: 38235 | S57: 05/09/2004 | T57: A | U57: mohalla zer masjid jais, kasimpur, amethi amethi 229305----amethi | V57: 3
A58: =IF(N57<>N58,"1",A57+1) -> 57 | B58: 2300290100059 | C58: 2327CSE1176 | D58: ANSH YADAV | E58: RAJENDRA PRASAD SINGH YADAV | F58: PRABHAWATI YADAV | G58: 8941093633 | H58: 9675885139 | I58: 8941093633 | J58: ansh.2327cse1176@kiet.edu | K58: anshyadav23484@gmail.com | L58: MALE | M58: CSE | N58: A | P58: 87.2 | Q58: 82.4 | R58: 38616 | S58: 21/09/2005 | T58: A | U58: gram tilkharakhurd, post newada, rampur zilla ghajipur ghazipur ghazipur 233223----ghazipur | V58: 3
A59: =IF(N58<>N59,"1",A58+1) -> 58 | B59: 2300290100060 | C59: 2327CSE1211 | D59: ANSHIKA | E59: BHAGIRATH | G59: 8433147354 | H59: 9917390745 | I59: 8433147354 | J59: anshika.2327cse1211@kiet.edu | K59: anshikagangwar547@gmail.com | L59: FEMALE | M59: CSE | N59: A | P59: 85.67 | Q59: 82.4 | R59: 38488 | S59: 16/05/2005 | T59: A | U59: bhagirath , paraura, bareilly BAREILLY bareilly 243504----BAREILLY | V59: 3
A60: =IF(N59<>N60,"1",A59+1) -> 59 | B60: 2300290100061 | C60: 2327CSE1036 | D60: ANSHIKA JAIN | E60: ANKIT JAIN | G60: 9927656590 | H60: 9058202869 | I60: 9358008282 | J60: anshika.2327cse1036@kiet.edu | K60: ANSHIKAJAIN2205@GMAIL.COM | L60: FEMALE | M60: CSE | N60: A | P60: 98 | Q60: 94.6 | R60: 38617 | S60: 22/09/2005 | T60: A | U60: H NO390, JAIN VIHAR, MAZARA ROAD SHAMLI MUZAFFARNAGAR Muzaffarnagar 247776SHAMLIMUZAFFARNAGAR | V60: 3
A61: =IF(N60<>N61,"1",A60+1) -> 60 | B61: 2300290100062 | C61: 2327CSE1007 | D61: ANSHIKA SANGAL | E61: YOGENDRA SANGAL | G61: 7505928142 | H61: 9548777397 | I61: 9870914374 | J61: anshika.2327cse1007@kiet.edu | K61: anshikasangal62@gmail.com | L61: FEMALE | M61: CSE | N61: A | P61: 94.2 | Q61: 94.6 | R61: 38753 | S61: 05/02/2006 | T61: A | U61: city store, naya bazar shamli shamli shamli 247776----shamli | V61: 3
A62: =IF(N61<>N62,"1",A61+1) -> 61 | B62: 2300290100063 | C62: 2327CSE1266 | D62: ANSHUMAN CHAUDHARY | E62: ANUJ CHAUDHARY | F62: NEETU DEVI | G62: 8279679094 | H62: 9528331633 | I62: 9389173396 | J62: anshuman.2327cse1266@kiet.edu | K62: anshuman2004naman@gmail.com | L62: MALE | M62: CSE | N62: A | P62: 93.8 | Q62: 96.8 | R62: 38167 | S62: 29/06/2004 | T62: A | U62: 93, krishna kunj, kaka nagar shamli shamli 247776----shamli | V62: 3
A63: =IF(N62<>N63,"1",A62+1) -> 62 | B63: 2300290100064 | C63: 2327CSE1041 | D63: ANUBHAV CHOUDHARY | E63: K P SINGH | F63: MUNESH | G63: 7042504705 | H63: 9871259115 | I63: 7042504705 | J63: anubhav.2327cse1041@kiet.edu | K63: 22anubhavchaudhary@gmail.com | L63: MALE | M63: CSE | N63: A | P63: 79.83 | Q63: 81 | R63: 38405 | S63: 22/02/2005 | T63: A | U63: villjalalpur dhindar GHAZIABAD GHAZIABAD Ghaziabad 201206GHAZIABADGHAZIABAD | V63: 3
A64: =IF(N63<>N64,"1",A63+1) -> 63 | B64: 2300290100065 | C64: 2327CSE1020 | D64: ANUBHAV SINGH | E64: NIRBHAY SINGH | G64: 7011800121 | H64: 9810996944 | I64: 9717492055 | J64: anubhav.2327cse1020@kiet.edu | K64: anubhav.vikalp@gmail.com | L64: MALE | M64: CSE | N64: A | P64: 94 | Q64: 88.5 | R64: 38785 | S64: 09/03/2006 | T64: A | U64: h. no. 96 a, vill. utaras, post. utaras pratapgarh pratapgarh 230405----pratapgarh | V64: 3
A65: =IF(N64<>N65,"1",A64+1) -> 64 | B65: 2300290100066 | C65: 2327CSE1242 | D65: ANUJ | E65: HARBEER SINGH | G65: 9264907141 | H65: 9756712836 | I65: 9756712836 | J65: anuj.2327cse1242@kiet.edu | K65: singhanujaj@gmail.com | L65: MALE | M65: CSE | N65: A | P65: 88.6 | Q65: 76.33 | R65: 38378 | S65: 26/01/2005 | T65: A | U65: 57, GALI NO 3 NEW DEFENCE COLONY, MURADNAGAR, GHAZIABAD GHAZIABAD GHAZIABAD 201206MURADNAGAR, GHAZIABADGHAZIABAD | V65: 3
A66: =IF(N65<>N66,"1",A65+1) -> 65 | B66: 2300290100067 | C66: 2327CSE1171 | D66: ANUJ KUMAR SINGH | E66: HARENDRA BAHADUR SINGH | G66: 7737412290 | H66: 9455134028 | I66: 8874022633 | J66: anuj.2327cse1171@kiet.edu | K66: anujsingh2000waiting@gmail.com | L66: MALE | M66: CSE | N66: A | P66: 87.6 | Q66: 80.2 | R66: 37774 | S66: 02/06/2003 | T66: A | U66: 222, kareehara, karrihara, ballia ballia ballia 277001karrihara, balliaballia | V66: 3
A67: =IF(N66<>N67,"1",A66+1) -> 66 | B67: 2300290100068 | C67: 2327CSE1282 | D67: ANUP TIWARI | E67: JAWAHAR TIWARI | G67: 7033972284 | H67: 9431859964 | I67: 7033972284 | J67: anup.2327cse1282@kiet.edu | K67: at241707@GMAIL.COM | L67: MALE | M67: CSE | N67: A | P67: 79.6 | Q67: 71.6 | R67: 37987 | S67: 01/01/2004 | T67: A | U67: GRAM UPHARAWALIYA BHABUA BHABUA KAIMUR 821101BHABUABHABUA | V67: 3
A68: =IF(N67<>N68,"1",A67+1) -> 67 | B68: 2300290100069 | C68: 2327CSE1231 | D68: ANURAG | E68: OM PRAKASH | G68: 9517375576 | H68: 9517375576 | I68: 9517375576 | J68: anurag.2327cse1231@kiet.edu | K68: anurag.kanojiya829@gmail.com | L68: MALE | M68: CSE | N68: A | P68: 77.1 | Q68: 78.8 | R68: 38528 | S68: 25/06/2005 | T68: A | U68: 265 garg bhatta bront mark chinaur SHAHJAHANPUR Shahjahanpur 242001----SHAHJAHANPUR | V68: 3
A69: =IF(N68<>N69,"1",A68+1) -> 68 | B69: 2300290100070 | C69: 2327CSE1199 | D69: ANUSHK KUMAR RAJ | E69: AJAY KUMAR SINGH | G69: 7651979207 | H69: 7046125324 | I69: 7633935405 | J69: anushk.2327cse1199@kiet.edu | K69: ANUSHKKUMARRAJ@GMAIL.COM | L69: MALE | M69: CSE | N69: A | P69: 94.2 | Q69: 87.2 | R69: 38101 | S69: 24/04/2004 | T69: A | U69: VILL KHESRAHI URF RAGHUNATHPUR, POST PATEPUR VAISHALI Vaishali 843114----VAISHALI | V69: 3
A70: =IF(N69<>N70,"1",A69+1) -> 69 | B70: 2300290100071 | C70: 2327CSE1234 | D70: ANUSHKA SINGH | E70: PRAMENDRA PRATAP SINGH | F70: PUNITA SINGH | G70: 8468055528 | H70: 9598732040 | I70: 7651956287 | J70: anushka.2327cse1234@kiet.edu | K70: singhanushka0522@gmail.com | L70: FEMALE | M70: CSE | N70: A | P70: 91.5 | Q70: 88.8 | R70: 38250 | S70: 20/09/2004 | T70: A | U70: 74, shivnagar, nathmalpur, near rk bakers GORAKHPUR Gorakhpur 273015near rk bakersGORAKHPUR | V70: 3
A71: =IF(N70<>N71,"1",A70+1) -> 70 | B71: 2300290100072 | C71: 2327CSE1008 | D71: ANUSHKA TAYAL | E71: SUSHIL KUMAR TAYAL | F71: SAPNA TAYAL | G71: 8126785100 | H71: 9411481999 | I71: 9411481999 | J71: anushka.2327cse1008@kiet.edu | K71: anushkatayal20@gmail.com | L71: FEMALE | M71: CSE | N71: A | P71: 98.67 | Q71: 96 | R71: 38372 | S71: 20/01/2005 | T71: A | U71: 00, holi chowk, dav road budhana budhana MUZAFFARNAGAR 251309----budhana | V71: 3
A72: =IF(N71<>N72,"1",A71+1) -> 71 | B72: 2300290100073 | C72: 2327CSE1028 | D72: ARIHANT MALIK | E72: PRAMOD MALIK | G72: 9756527911 | H72: 9927000012 | I72: 9756527911 | J72: arihant.2327cse1028@kiet.edu | K72: arihantmalik9@gmail.com | L72: MALE | M72: CSE | N72: A | P72: 89.6 | Q72: 93.2 | R72: 38378 | S72: 26/01/2005 | T72: A | U72: 219, amirnagar muzaffarnagar muzaffarnagar muzaffarnagar 251306muzaffarnagarmuzaffarnagar | V72: 3
A73: =IF(N72<>N73,"1",A72+1) -> 72 | B73: 2300290130055 | C73: 2327IT1181 | D73: ASHIRWAD SRIVASTAVA | E73: BRIJESH KUMAR SRIVASTAVA | G73: 9695657054 | H73: 9451328256 | I73: 9336873942 | J73: ashirwad.2327it1181@kiet.edu | K73: ASHIRWADSRIVASTAVA20@GMAIL.COM | L73: MALE | M73: CSE | N73: A | P73: 91.17 | Q73: 87.67 | R73: 39041 | S73: 20/11/2006 | V73: 3
A74: =IF(N73<>N74,"1",A73+1) -> 73 | B74: 2300290120049 | C74: 2327CSE(AI&ML)1008 | D74: ANSHIKA MIDDHA | E74: KAMAL MIDDHA | G74: 7983166206 | H74: 9837600142 | I74: 9837229566 | J74: anshika.2327cseml100@kiet.edu | K74: middhaanshika00@gmail.com | L74: FEMALE | M74: CSE | N74: A | P74: 92.2 | Q74: 92.2 | R74: 38343 | S74: 22/12/2004 | V74: 3
A75: =IF(N74<>N75,"1",A74+1) -> 74 | B75: 2400290109001 | C75: 2428CSE1292 | D75: ABHISHEK KUMAR | E75: RAJ KUMAR SINGH | G75: 7078366938 | H75: 8449719614 | I75: 7078366938 | J75: abhishek.2428cse1292@kiet.edu | K75: abhishek.2428cse1292@kiet.edu | L75: MALE | M75: CSE | N75: A | P75: --- | Q75: --- | R75: 38227 | S75: 28/08/2004 | U75: House No. 3 near sai mandir | V75: 3
A76: =IF(N75<>N76,"1",A75+1) -> 75 | B76: 2400290109004 | C76: 2428CSE1291 | D76: AYUSH GUPTA | E76: MANOJ GUPTA | G76: 6397828013 | H76: 8923943048 | I76: 6397828013 | J76: ayush.2428cse1291@kiet.edu | K76: ayush.2428cse1291@kiet.edu | L76: MALE | M76: CSE | N76: A | P76: --- | Q76: --- | R76: 37908 | S76: 14/10/2003 | U76: Chamar Gate , lehra gali near ilaichi wali dharmashala | V76: 3
A77: =IF(N76<>N77,"1",A76+1) -> 76 | B77: 2400290109005 | C77: 2428CSE2190 | D77: AYUSH KUMAR MISHRA | E77: NAGENDRA KUMAR MISHRA | G77: 7739030954 | H77: 7739030954 | I77: 9910795637 | J77: ayush.2428cse2190@kiet.edu | K77: ayush.2428cse2190@kiet.edu | L77: MALE | M77: CSE | N77: A | P77: 80 | Q77: --- | R77: 38603 | S77: 08/09/2005 | U77: Near Accent Hotel Petrol Pump Surajpur | V77: 3
A78: =IF(N77<>N78,"1",A77+1) -> 77 | B78: 2400290109006 | C78: 2428CSE2240 | D78: AZAD KHAN | E78: JALALUDDIN KHAN | G78: 7398252899 | H78: 9120349013 | I78: 9120001932 | J78: azad.2428cse2240@kiet.edu | K78: azad.2428cse2240@kiet.edu | L78: MALE | M78: CSE | N78: A | P78: 77.17 | Q78: --- | R78: 37302 | S78: 15/02/2002 | U78: GHODAHAWA WARD NUMBER 06 NAGAR PUNCHAYAT NICHLAUL | V78: 3
A79: =IF(N78<>N79,"1",A78+1) -> 78 | B79: 2400290109007 | C79: 2428CSE2274 | D79: HIMANSHI MALIK | E79: RAJESH KUMAR MALIK | G79: 7905229512 | H79: 9889919977 | I79: 6306747726 | J79: himanshi.2428cse2274@kiet.edu | K79: himanshi.2428cse2274@kiet.edu | L79: FEMALE | M79: CSE | N79: A | P79: 90.4 | Q79: --- | R79: 37786 | S79: 14/06/2003 | U79: 180, masiha ganj, In front of Choti maszid, sipri bazar, jhansi | V79: 3
A80: =IF(N79<>N80,"1",A79+1) -> 79 | B80: 2400290109021 | C80: 2428CSE2283 | D80: SHIVAM KUMAR VERMA | E80: RAKESH VERMA | G80: 8303425887 | H80: 8303725887 | I80: 9935759447 | J80: shivam.2428cse2283@kiet.edu | K80: shivam.2428cse2283@kiet.edu | L80: MALE | M80: CSE | N80: A | P80: 60.83 | Q80: --- | R80: 38229 | S80: 30/08/2004 | U80: 161,Ward no 25, Mirabai nagar near Shri Ram Janki Mandir siswa bazar Maharajganj | V80: 3
A81: =IF(N72<>N81,"1",A72+1) -> 1 | B81: 2300290100074 | C81: 2327CSE1161 | D81: ARJUN PRATAP SINGH | E81: RAKESH SINGH | F81: GUDDI SINGH | G81: 8960962697 | H81: 9648521911 | I81: 7238969397 | J81: arjun.2327cse1161@kiet.edu | K81: arjunpratapsingh2082004@gmail.com | L81: MALE | M81: CSE | N81: B | P81: 94.4 | Q81: 86.4 | R81: 38066 | S81: 20/03/2004 | T81: B | U81: 387, hig ratan lala nagar, thana govind nagar kanpur kanpur nagar 208022ratan lala nagar, thana govind nagarkanpur | V81: 3
A82: =IF(N81<>N82,"1",A81+1) -> 2 | B82: 2300290100075 | C82: 2327CSE1061 | D82: ARPIT TRIPATHI | E82: VIJAY KUMAR TRIPATHI | G82: 6386109732 | H82: 9450865014 | I82: 9452912550 | J82: arpit.2327cse1061@kiet.edu | K82: arpittripathi6386109@gmail.com | L82: MALE | M82: CSE | N82: B | P82: 93 | Q82: 89.67 | R82: 38920 | S82: 22/07/2006 | T82: B | U82: bakhtawar purwa ,bil ram road hardoi hardoi 241001----hardoi | V82: 3
A83: =IF(N82<>N83,"1",A82+1) -> 3 | B83: 2300290100076 | C83: 2327CSE1261 | D83: ARUN KUMAR | E83: VIKRAM SINGH | F83: SUSHILA DEVI | G83: 8194057039 | H83: 9759861817 | I83: 8194057039 | J83: arun.2327cse1261@kiet.edu | K83: arunsinghrathor808@gmail.com | L83: MALE | M83: CSE | N83: B | P83: 86.8 | Q83: 90.6 | R83: 38148 | S83: 10/06/2004 | T83: B | U83: umarpur sonhajani, umerpur, shamli, jalalabad MUZAFFARNAGAR Muzaffarnagar 247772----MUZAFFARNAGAR | V83: 3
A84: =IF(N83<>N84,"1",A83+1) -> 4 | B84: 2300290100077 | C84: 2327CSE1062 | D84: ARYAN MITTAL | E84: VINEET MITTAL | F84: POOJA MITTAL | G84: 7454974871 | H84: 9837075324 | I84: 8923318486 | J84: aryan.2327cse1062@kiet.edu | K84: aryanmittal203@gmail.com | L84: MALE | M84: CSE | N84: B | P84: 96 | Q84: 86.6 | R84: 37947 | S84: 22/11/2003 | T84: B | U84: 509,CHANDRA LOK, SABUN GODAM MEERUT MEERUT MEERUT 250002MEERUTMEERUT | V84: 3
A85: =IF(N84<>N85,"1",A84+1) -> 5 | B85: 2300290100078 | C85: 2327CSE1119 | D85: ARYAN SHARMA | E85: CHHAVISHYAM SHARMA | F85: SUDHA SHARMA | G85: 9453620669 | H85: 9450653070 | I85: 9454748614 | J85: aryan.2327cse1119@kiet.edu | K85: ARYAN21SHARMA04@GMAIL.COM | L85: MALE | M85: CSE | N85: B | P85: 79.4 | Q85: 90 | R85: 38373 | S85: 21/01/2005 | T85: B | U85: 50 VISHWANATH PURA, NEAR VISHWANATH PURA BANAI TOLA, MAUNATH BHAJAN, MAU MAU MAU 275101----MAU | V85: 3
A86: =IF(N85<>N86,"1",A85+1) -> 6 | B86: 2300290100079 | C86: 2327CSE1138 | D86: ASHISH KUMAR | E86: SHASHI BHUSHAN TIWARI | G86: 9199893579 | H86: 9304575084 | I86: 9199893579 | J86: ashish.2327cse1138@kiet.edu | K86: 54009aashish@gmail.com | L86: MALE | M86: CSE | N86: B | P86: 85 | Q86: 65.6 | R86: 38058 | S86: 12/03/2004 | T86: B | U86: ward 16 jaitiya west champaran 845449----jaitiya | V86: 3
A87: =IF(N86<>N87,"1",A86+1) -> 7 | B87: 2300290100080 | C87: 2327CSE1228 | D87: AYUSH CHAURASIYA | E87: KASHI NATH CHAURASIYA | G87: 8467046455 | H87: 9307691670 | I87: 6306656488 | J87: ayush.2327cse1228@kiet.edu | K87: 2417ayushchaurasiya@gmail.com | L87: MALE | M87: CSE | N87: B | P87: 82.4 | Q87: 80.6 | R87: 37857 | S87: 24/08/2003 | T87: B | U87: lohta road chandapur near primary school, om nagar colony kerakatpur Varanasi 221107near primary school, om nagar colonykerakatpur | V87: 3
A88: =IF(N87<>N88,"1",A87+1) -> 8 | B88: 2300290100081 | C88: 2327CSE1121 | D88: AYUSH JAIN | E88: ANSHUL JAIN | F88: NEHA JAIN | G88: 6398809047 | H88: 9634081189 | I88: 7351012666 | J88: ayush.2327cse1121@kiet.edu | K88: ayushjain3237@gmail.com | L88: MALE | M88: CSE | N88: B | P88: 90.17 | Q88: 92.33 | R88: 37928 | S88: 03/11/2003 | T88: B | U88: 32/37 goojar top khana khati para lohamandi agra agra 282002khati para lohamandi agra---- | V88: 3
A89: =IF(N88<>N89,"1",A88+1) -> 9 | B89: 2300290100082 | C89: 2327CSE1090 | D89: AYUSH KUMAR SINGH | E89: ANOOP KUMAR SINGH | F89: SUMAN KUMARI | G89: 9519464087 | H89: 9889278936 | I89: 9889278936 | J89: ayush.2327cse1090@kiet.edu | K89: ayushsingh4981@gmail.com | L89: MALE | M89: CSE | N89: B | P89: 83 | Q89: 81.4 | R89: 38398 | S89: 15/02/2005 | T89: B | U89: navada, indepur uco bank wali gali, bareilly moad shahjahanpur SHAHJAHANPUR 242001uco bank wali gali, bareilly moadshahjahanpur | V89: 3
A90: =IF(N89<>N90,"1",A89+1) -> 10 | B90: 2300290100083 | C90: 2327CSE1080 | D90: AYUSH PRATAP SINGH | E90: PRAVAL PRATAP SINGH | F90: SUNITA PRATAP SINGH | G90: 7983851254 | H90: 6395678780 | I90: 7417427047 | J90: ayush.2327cse1080@kiet.edu | K90: ayushpratapsingh2840@gmail.com | L90: MALE | M90: CSE | N90: B | P90: 90.6 | Q90: 89.2 | R90: 38257 | S90: 27/09/2004 | T90: B | U90: Gali No. 1 ,Jai Bharat colony pakka bagh saray arjun kanpur road, etawah ETAWAH Etawah 206001kanpur road, etawahETAWAH | V90: 3
A91: =IF(N90<>N91,"1",A90+1) -> 11 | B91: 2300290100084 | C91: 2327CSE1104 | D91: AYUSH SHUKLA | E91: AJAY SHUKLA | F91: RANI SHUKLA | G91: 7054086016 | H91: 9936432532 | I91: 7518880405 | J91: ayush.2327cse1104@kiet.edu | K91: ayushshukla0700@gmail.com | L91: MALE | M91: CSE | N91: B | P91: 94.17 | Q91: 88.8 | R91: 37665 | S91: 13/02/2003 | T91: B | U91: 3/10, nishad market shukla ganj UNNAO Unnao 209861shukla ganjUNNAO | V91: 3
A92: =IF(N91<>N92,"1",A91+1) -> 12 | B92: 2300290100085 | C92: 2327CSE1271 | D92: AYUSH SRIVASTAVA | E92: ANJANI KUMAR SRIVASTAVA | F92: JYOTI SRIVASTAVA | G92: 7068456699 | H92: 7652096875 | I92: 7068456699 | J92: ayush.2327cse1271@kiet.edu | K92: abhinavsri9839@gmail.com | L92: MALE | M92: CSE | N92: B | P92: 89.2 | Q92: 88.4 | R92: 38518 | S92: 15/06/2005 | T92: B | U92: rampur, damodarpur sultanpur SULTANPUR Sultanpur 228120sultanpurSULTANPUR | V92: 3
A93: =IF(N92<>N93,"1",A92+1) -> 13 | B93: 2300290100086 | C93: 2327CSE1165 | D93: AYUSH VERMA | E93: MAHENDRA KUMAR VERMA | G93: 9569763523 | H93: 9452233444 | I93: 9454136877 | J93: ayush.2327cse1165@kiet.edu | K93: ayushverma362004@gmail.com | L93: MALE | M93: CSE | N93: B | P93: 92.67 | Q93: 90.6 | R93: 38141 | S93: 03/06/2004 | T93: B | U93: patel nagar, kursi road, abdullapur, mahmudabad SITAPUR SITAPUR Sitapur 261203SITAPURSITAPUR | V93: 3
A94: =IF(N93<>N94,"1",A93+1) -> 14 | B94: 2300290100087 | C94: 2327CSE1268 | D94: AYUSHI SAXENA | E94: ANURAG SAXENA | F94: RACHANA SAXENA | G94: 7217298568 | H94: 9761630506 | I94: 7017414848 | J94: ayushi.2327cse1268@kiet.edu | K94: ayushisaxena1805@gmail.com | L94: FEMALE | M94: CSE | N94: B | P94: 96.2 | Q94: 97.2 | R94: 38643 | S94: 18/10/2005 | T94: B | U94: 831,panchkuti,mohmadhuvan colony 831,PANCHKUTI,MOHMADHUVAN COLONY budaun BUDAUN 243601831,PANCHKUTI,MOH-MADHUVAN COLONYbudaun | V94: 3
A95: =IF(N94<>N95,"1",A94+1) -> 15 | B95: 2300290100088 | C95: 2327CSE1024 | D95: AYUSHI SINGH | E95: ANIL KUMAR SINGH | F95: RUBI SINGH | G95: 9199464342 | H95: 9801352497 | I95: 8809576828 | J95: ayushi.2327cse1024@kiet.edu | K95: sengar.ayushisingh207@gmail.com | L95: FEMALE | M95: CSE | N95: B | P95: 92.17 | Q95: 92.8 | R95: 38188 | S95: 20/07/2004 | T95: B | U95: AYODHYAPURI, SRINAGAR SIWAN Amlori Siwan 841226SIWANAmlori | V95: 3
A96: =IF(N95<>N96,"1",A95+1) -> 16 | B96: 2300290100089 | C96: 2327CSE1030 | D96: BHOOMIKA SINGH | E96: VIPIN KUMAR SINGH | G96: 9717339796 | H96: 9911543114 | I96: 9717339796 | J96: bhoomika.2327cse1030@kiet.edu | K96: bhoomikasingh57@gmail.com | L96: FEMALE | M96: CSE | N96: B | P96: 94.2 | Q96: 91 | R96: 38541 | S96: 08/07/2005 | T96: B | U96: h.no728, near huda market, sector 29, faridabad, secot 29, faridabad faridabad faridabad 121008----faridabad | V96: 3
A97: =IF(N96<>N97,"1",A96+1) -> 17 | B97: 2300290100090 | C97: 2327CSE1163 | D97: BIBHANSHU YADAV | E97: VINOD KUMAR YADAV | F97: BABITA YADAV | G97: 6307687114 | H97: 9415379192 | I97: 9936738836 | J97: bibhanshu.2327cse116@kiet.edu | K97: yadavbivhanshu@gmail.com | L97: MALE | M97: CSE | N97: B | P97: 86.8 | Q97: 86.67 | R97: 38718 | S97: 01/01/2006 | T97: B | U97: villrajgarh post mahuja villRAJGARH POST MAHUJA gorakhpur GORAKHPUR 273413vill-RAJGARH POST MAHUJAgorakhpur | V97: 3
A98: =IF(N97<>N98,"1",A97+1) -> 18 | B98: 2300290100091 | C98: 2327CSE1099 | D98: BRAHMANSH RATHORE | E98: DEVENDRA SINGH RATHORE | G98: 8318980458 | H98: 9415172751 | I98: 9453274884 | J98: brahmansh.2327cse10@kiet.edu | K98: brahmanshthakur@gmail.com | L98: MALE | M98: CSE | N98: B | P98: 92.4 | Q98: 74.6 | R98: 37928 | S98: 03/11/2003 | T98: B | U98: Loco road,upper durga colony Fatehgarh Farrukhabad 209625----Fatehgarh | V98: 3
A99: =IF(N98<>N99,"1",A98+1) -> 19 | B99: 2300290100092 | C99: 2327CSE1094 | D99: CHITWAN BAJPAI | E99: ALOK BAJPAI | F99: MEENA BAJPAI | G99: 8979625724 | H99: 8130762187 | I99: 9634611621 | J99: chitwan.2327cse1094@kiet.edu | K99: bajpaichitwan@gmail.com | L99: MALE | M99: CSE | N99: B | P99: 94.33 | Q99: 84.67 | R99: 38213 | S99: 14/08/2004 | T99: B | U99: 36, shyam vatika kaimarvan, sheetal chaya, vrindaban bangar mathura mathura 281121kaimarvan, sheetal chaya, vrindaban bangarmathura | V99: 3
A100: =IF(N99<>N100,"1",A99+1) -> 20 | B100: 2300290100093 | C100: 2327CSE1236 | D100: DEEPAK MAURYA | E100: RAM KISHAN MAURYA | G100: 7607019852 | H100: 8765740689 | I100: 9415730548 | J100: deepak.2327cse1236@kiet.edu | K100: mauryaji2404@gmail.com | L100: MALE | M100: CSE | N100: B | P100: 83.8 | Q100: 87.2 | R100: 38691 | S100: 05/12/2005 | T100: B | U100: n 10/39 c13,lakhrao,bajardiha varanasi Varanasi 221106----varanasi | V100: 3
...

Sheet CSE IV
A1: S.No | B1: University Roll No | C1: Library Id | D1: Student Name | E1: Father's Name | F1: SEC. | G1: SIGN. | H1: Semester | I1: GENDER | J1: Email Id | K1: Personal Email id | L1: Mobile No. | M1: F. Mobile No. | O1: 10th | P1: 12th | Q1: DOB | R1: DOB (DD/MM/YYYY) | S1: Residential Status | T1: Address | U1: Year
A2: 1 | B2: 2200290100001 | C2: 2226CSE1014 | D2: AANCHAL GUPTA | E2: ARVIND GUPTA | F2: A | H2: VI | I2: FEMALE | J2: aanchal.2226cse1014@kiet.edu | K2: aanchalgupta0205@gmail.com | L2: 9319360500 | M2: 9810868741 | N2: A | O2: 97.2 | P2: 97.2 | Q2: 38388 | R2: 05/02/2005 | S2: DAY SCHOLAR | T2: H.NO. L104, SECTOR23 SANJAY NAGAR GHAZIABAD SANJAY NAGAR GHAZIABAD 201002SANJAY NAGAR GHAZIABADSANJAY NAGAR | U2: 4
A3: 2 | B3: 2200290100002 | C3: 2226CSE1129 | D3: AARADHYA GUPTA | E3: DEEPAK GUPTA | F3: A | H3: VI | I3: FEMALE | J3: aaradhya.2226cse1129@kiet.edu | K3: aaradhyagupta2810@gmail.com | L3: 7906800884 | M3: 9837321556 | N3: A | O3: --- | P3: --- | Q3: 37922 | R3: 28/10/2003 | S3: HOSTELLER | T3: 9/503 missar murrar saharanpur Saharanpur 247001-saharanpur | U3: 4
A4: 3 | B4: 2200290100003 | C4: 2226CSE1023 | D4: AASTHA | E4: AJAY KUMAR | F4: A | H4: VI | I4: FEMALE | J4: aastha.2226cse1023@kiet.edu | K4: aastha962004@gmail.com | L4: 8979318253 | M4: 8923255363 | N4: A | O4: 92.6 | P4: 92.8 | Q4: 38147 | R4: 09/06/2004 | S4: HOSTELLER | T4: 8/4278 lane no 1 chikana road samrat vikram colony saharanpur saharanpur Saharanpur 247001saharanpursaharanpur | U4: 4
A5: 4 | B5: 2200290100004 | C5: 2226CSE1148 | D5: ABHA GANGWAR | E5: ASHISH KUMAR GANGWAR | F5: A | H5: VI | I5: FEMALE | J5: abha.2226cse1148@kiet.edu | K5: abhagangwar12c@gmail.com | L5: 9653040260 | M5: 9125470121 | N5: A | O5: 90 | P5: 92.8 | Q5: 38328 | R5: 07/12/2004 | S5: HOSTELLER | T5: haydil colony fatehpur fATEHPUR FATEHPUR Fatehpur 212601fATEHPURFATEHPUR | U5: 4
A6: 5 | B6: 2200290100005 | C6: 2226CSE1152 | D6: ABHAY KAUTS | E6: SUSHIL KUMAR | F6: A | H6: VI | I6: MALE | J6: abhay.2226cse1152@kiet.edu | K6: abhay14kautish8@gmail.com | L6: 9548981354 | M6: 8476948232 | N6: A | O6: 91.6 | P6: 87.6 | Q6: 37942 | R6: 17/11/2003 | S6: DAY SCHOLAR | T6: gali no. 05, bhupendrapuri, modinagar modinagar ghaziabad 201204----modinagar | U6: 4
A7: 6 | B7: 2200290100006 | C7: 2226CSE1128 | D7: ABHAY PRATAP SINGH | E7: PRAMOD KUMAR GAUTAM | F7: A | H7: VI | I7: MALE | J7: abhay.2226cse1128@kiet.edu | K7: pratapsinghabhay703@gmail.com | L7: 8869980090 | M7: 7905857441 | N7: A | O7: 76 | P7: 74.2 | Q7: 37675 | R7: 23/02/2003 | S7: DAY SCHOLAR | T7: purab kheda, civil line UNNAO Unnao 209801----UNNAO | U7: 4
A8: 7 | B8: 2200290100007 | C8: 2226CSE1042 | D8: ABHISHEK KUMAR | E8: ASHOK KUMAR SINGH | F8: A | H8: VI | I8: MALE | J8: abhishek.2226cse1042@kiet.edu | K8: abhishekkumar.06099@gmail.com | L8: 6389463172 | M8: 9616309386 | N8: A | O8: 90.8 | P8: 85.4 | Q8: 38078 | R8: 01/04/2004 | S8: HOSTELLER | T8: madvari muhalla, LAKHISARAI, bihar lakhisarai LAKHISARAI 811311----lakhisarai | U8: 4
A9: 8 | B9: 2200290100008 | C9: 2226CSE1170 | D9: ABHISHEK YADAV | E9: DAYARAM YADAV | F9: A | H9: VI | I9: MALE | J9: abhishek.2226cse1170@kiet.edu | K9: abhishekyadav276208@gmail.com | L9: 8853317393 | M9: 7985293155 | N9: A | O9: 91.17 | P9: 82.17 | Q9: 38034 | R9: 17/02/2004 | S9: DAY SCHOLAR | T9: gram tikapur post tikapur tahbarpur AZAMGARH Azamgarh 276208tahbarpurAZAMGARH | U9: 4
A10: 9 | B10: 2200290100009 | C10: 2226CSE1145 | D10: ADITI | E10: ANAND KUMAR | F10: A | H10: VI | I10: FEMALE | J10: aditi.2226cse1145@kiet.edu | K10: aditisingh6363@gamil.com | L10: 8218556570 | M10: 8588857110 | N10: A | O10: 71.6 | P10: 74.8 | Q10: 38150 | R10: 12/06/2004 | S10: DAY SCHOLAR | T10: 31 chaudhary valui gali new defence colony muradnagar GHAZIABAD Ghaziabad 201206muradnagarGHAZIABAD | U10: 4
A11: 10 | B11: 2200290100010 | C11: 2226CSE1066 | D11: ADITI AGRAWAL | E11: KAMAL KUMAR AGRAWAL | F11: A | H11: VI | I11: FEMALE | J11: aditi.2226cse1066@kiet.edu | K11: agrawaladiti125@gmail.com | L11: 8923221668 | M11: 8923484070 | N11: A | O11: 92.2 | P11: 93.2 | Q11: 38364 | R11: 12/01/2005 | S11: HOSTELLER | T11: shiv colony gali no. 2 tarfara road hathras hathras 204101----hathras | U11: 4
A12: 11 | B12: 2200290100011 | C12: 2226CSE1126 | D12: ADITI SRIVASTAVA | E12: PANKAJ SRIVASTAVA | F12: A | H12: VI | I12: FEMALE | J12: aditi.2226cse1126@kiet.edu | K12: srivastavahoney578@gmail.com | L12: 9044403621 | M12: 8604433621 | N12: A | O12: 88.2 | P12: 84.6 | Q12: 37930 | R12: 05/11/2003 | S12: DAY SCHOLAR | T12: arjunpurwa lakhimpur kheri lakhimpur kheri kheri 262701----lakhimpur kheri | U12: 4
A13: 12 | B13: 2200290100012 | C13: 2226CSE1044 | D13: ADITYA CHANDRA VERMA | E13: GYAN CHANDRA | F13: A | H13: VI | I13: MALE | J13: aditya.2226cse1044@kiet.edu | K13: adityachandraverma2003@gmail.com | L13: 7905751817 | M13: 9517007192 | N13: A | O13: 89 | P13: 78 | Q13: 37730 | R13: 19/04/2003 | S13: HOSTELLER | T13: HN52 shivpuram near paramount school koyla nagar kanpur KANPUR Kanpur Nagar 208011kanpurKANPUR | U13: 4
A14: 13 | B14: 2200290100013 | C14: 2226CSE1081 | D14: ADITYA KUMAR SHARMA | E14: GIRISH CHANDRA SHARMA | F14: A | H14: VI | I14: MALE | J14: aditya.2226cse1081@kiet.edu | K14: aditya91sharma73619@gmail.com | L14: 8955367896 | M14: 6388606390 | N14: A | O14: 83 | P14: 75 | Q14: 38211 | R14: 12/08/2004 | S14: DAY SCHOLAR | T14: 381 deoria khas, uma nagar, ward no 15 deoria DEORIA Deoria 274001deoriaDEORIA | U14: 4
A15: 14 | B15: 2200290100014 | C15: 2226CSE1138 | D15: ADNAN YASIR | E15: WASEEM AHMAD | F15: A | H15: VI | I15: MALE | J15: adnan.2226cse1138@kiet.edu | K15: mr.adnan.yasir@gmail.com | L15: 9971458997 | M15: 8953879402 | N15: A | O15: 74.2 | P15: 80.2 | Q15: 37849 | R15: 16/08/2003 | S15: HOSTELLER | T15: 137 baduzai second near ande wali gali shahjahanpur SHAHJAHANPUR 242001----shahjahanpur | U15: 4
... A68: 67 | B68: 2200290100067 | C68: 2226CSE1019 | D68: EKTA | E68: MANOJ KUMAR | F68: A | H68: VI | I68: FEMALE | J68: ekta.2226cse1019@kiet.edu | K68: ektapoonam20@gmail.com | L68: 7983766585 | M68: 9690064650 | N68: A | O68: 93.8 | P68: 93.8 | Q68: 37853 | R68: 20/08/2003 | S68: DAY SCHOLAR | T68: vill laharra post khanpur, meerut meerut 250501post - khanpur, meerut---- | U68: 4
A69: 68 | B69: 2300290109001 | C69: 2226CSE1212 | D69: ASHIQ YADAV | E69: PRADEEP KUMAR YADAV | F69: A | H69: VI | I69: MALE | J69: ashiq.2226cse1212@kiet.edu | K69: ashikyadav003@gmail.com | L69: 7985884928 | M69: 7839566014 | N69: A | O69: 75.33 | P69: --- | Q69: 38487 | R69: 15/05/2005 | S69: DAY SCHOLAR | T69: villbanguwan post baruwasagar VILLBANGUWAN POST BARUWASAGAR jhansi JHANSI 284201VILL-BANGUWAN POST BARUWASAGARjhansi | U69: 4
A70: 69 | B70: 2300290109002 | C70: 2226CSE1211 | D70: ASHWANI BAGHEL | E70: MANOJ KUMAR | F70: A | H70: VI | I70: MALE | J70: ashwani.2226cse1211@kiet.edu | K70: ashwanibaghel826@gmail.com | L70: 9027872803 | M70: 8006250981 | N70: A | O70: 75.67 | P70: 73.4 | Q70: 37726 | R70: 15/04/2003 | S70: DAY SCHOLAR | T70: village garhi bhakti line par tundla firozabad tundla firozabad 283204firozabadtundla | U70: 4
A71: 70 | B71: 2300290109003 | C71: 2226CSE1214 | D71: AYUSH SINGH | E71: SURENDRA SINGH | F71: A | H71: VI | I71: MALE | J71: ayush.2226cse1214@kiet.edu | K71: AWERT2684@GMAIL.COM | L71: 9457858543 | M71: 9415066411 | N71: A | O71: 88 | P71: 89.17 | Q71: 37552 | R71: 23/10/2002 | S71: DAY SCHOLAR | T71: BSNL EXCHANGE NEAR TOWNSHIP CHORAHA NH2 HIGHWAY AURANGABAD MATHURA UP MATHURA MATHURA 281006NH2 HIGHWAY AURANGABAD MATHURA UPMATHURA | U71: 4
A72: 71 | B72: 2300290109007 | C72: 2226CSE1202 | D72: PRASHANT SRIVASTAVA | E72: RUPESH SRIVASTAVA | F72: A | H72: VI | I72: MALE | J72: prashant.2226cse1202@kiet.edu | K72: prashantsrivastava8778@gmail.com | L72: 9760529195 | M72: 9958207089 | N72: A | O72: 72.17 | P72: --- | Q72: 38229 | R72: 30/08/2004 | S72: DAY SCHOLAR | T72: 62 takshila colony near samsung showroom agra agra 282005near samsung showroomagra | U72: 4
A73: 72 | B73: 2300290109008 | C73: 2226CSE1213 | D73: RAMIT GANGWAR | E73: MRINAL RANJAN | F73: A | H73: VI | I73: MALE | J73: ramit.2226cse1213@kiet.edu | K73: ramitgangwar@gmail.com | L73: 6398462966 | M73: 9897191101 | N73: A | O73: 69.4 | P73: --- | Q73: 38474 | R73: 02/05/2005 | S73: DAY SCHOLAR | T73: 125,post jogither, tikri mafi, pilibhit, bisalpur pilibhit PILIBHIT 262201----pilibhit | U73: 4
A74: 73 | B74: 2300290109017 | C74: 2226CSE1203 | D74: VAIBHAV SRIVASTAVA | E74: MANOJ KUMAR PARAMARTHI | F74: A | H74: VI | I74: MALE | J74: vaibhav.2226cse1203@kiet.edu | K74: vaibhavsrivastava589@gmail.com | L74: 7505957829 | N74: A | O74: 80.4 | P74: --- | Q74: 37073 | R74: 01/07/2001 | S74: DAY SCHOLAR | T74: 4 mig,INDRAPURAM COLONY SHAMSHABAD ROAD AGRA Agra 282001----AGRA | U74: 4
A75: 1 | B75: 2200290100068 | C75: 2226CSE1046 | D75: GAURAV SINGH | E75: AMAR SINGH | F75: B | H75: VI | I75: MALE | J75: gaurav.2226cse1046@kiet.edu | K75: am.singh.gaurav@gmail.com | L75: 9540812455 | M75: 8929014783 | N75: B | O75: 96 | P75: 87.6 | Q75: 38118 | R75: 11/05/2004 | S75: HOSTELLER | T75: flat no 108, shree ram gold apartments, lane no189 near snowcool, laxman vihar,phase2, sector 3a gurugram Gurgaon 122001near snowcool, laxman vihar,phase-2, sector 3agurugram | U75: 4
A76: 2 | B76: 2200290100069 | C76: 2226CSE1065 | D76: GHANATAVA VASHU THAKARAN | E76: RAJIV SINGH THAKARANN | F76: B | H76: VI | I76: MALE | J76: ghanatava.2226cse106@kiet.edu | K76: GHANATVA@GMAIL.COM | L76: 9719756197 | M76: 9719026597 | N76: B | O76: 89.83 | P76: 92.2 | Q76: 38102 | R76: 25/04/2004 | S76: HOSTELLER | T76: VILLAGE LADPUR, POST KHATAULI KHATAULI Muzaffarnagar 251201----KHATAULI | U76: 4
A77: 3 | B77: 2200290100070 | C77: 2226CSE1007 | D77: GUN SINGHAL | E77: MANOJ SINGHAL | F77: B | H77: VI | I77: FEMALE | J77: gun.2226cse1007@kiet.edu | K77: gunsinghal0810@gmail.com | L77: 8076731664 | M77: 9811113201 | N77: B | O77: 94.4 | P77: 93.2 | Q77: 38268 | R77: 08/10/2004 | S77: DAY SCHOLAR | T77: H.NO. JAGNI GANJ GHANTA GHAR, GHAZIABAD GHANTA GHAR GHAZIABAD 201001GHANTA GHAR, GHAZIABADGHANTA GHAR | U77: 4
A78: 4 | B78: 2200290100071 | C78: 2226CSE1080 | D78: HAMZA HASAN | E78: MOHD OWAIS | F78: B | H78: VI | I78: MALE | J78: hamza.2226cse1080@kiet.edu | K78: hasanhamza1792003@gmail.com | L78: 6306451258 | M78: 9415185159 | N78: B | O78: 94.2 | P78: 91.8 | Q78: 37881 | R78: 17/09/2003 | S78: HOSTELLER | T78: 610 /529 a bari enclave mosque keshav nagar nirala nagar lucknow Lucknow 226020keshav nagar nirala nagarlucknow | U78: 4
A79: 5 | B79: 2200290100072 | C79: 2226CSE1142 | D79: HARSH CHOUDHARY | E79: RAJIV KUMAR | F79: B | H79: VI | I79: MALE | J79: harsh.2226cse1142@kiet.edu | K79: choudharyharsh162@gmail.com | L79: 9667354562 | M79: 9650918585 | N79: B | O79: 66.33 | P79: 70.67 | Q79: 38059 | R79: 13/03/2004 | S79: DAY SCHOLAR | T79: house no37b bahadurpur garhi shahpur MUZAFFARNAGAR Muzaffarnagar 251318bahadurpur garhi shahpurMUZAFFARNAGAR | U79: 4
A80: 6 | B80: 2200290100073 | C80: 2226CSE1054 | D80: HARSH KUMAR SINGH | E80: ANIL KUMAR SINGH | F80: B | H80: VI | I80: MALE | J80: harsh.2226cse1054@kiet.edu | K80: 7376730571harsh@gmail.com | L80: 9838089579 | M80: 9682586076 | N80: B | O80: 96 | P80: 95.4 | Q80: 38012 | R80: 26/01/2004 | S80: HOSTELLER | T80: h.no.79 derhgawan ghazipur ghazipur 232328ghazipur---- | U80: 4
A81: 7 | B81: 2200290100074 | C81: 2226CSE1132 | D81: HARSH MAURYA | E81: SATENDRA MAURYA | F81: B | H81: VI | I81: MALE | J81: harsh.2226cse1132@kiet.edu | K81: harsh6389703067@gmail.com | L81: 9305967924 | M81: 9235350391 | N81: B | O81: 87.6 | P81: 76.4 | Q81: 38091 | R81: 14/04/2004 | S81: DAY SCHOLAR | T81: SAIDANPUR POST MURADGANJ HUSSENABAD jaunpur JAUNPUR 222002----jaunpur | U81: 4
A82: 8 | B82: 2200290100075 | C82: 2226CSE1036 | D82: HARSH MISHRA | E82: SANTOSH KUMAR MISHRA | F82: B | H82: VI | I82: MALE | J82: harsh.2226cse1036@kiet.edu | K82: mishraharsh6244@gmail.com | L82: 9044551984 | M82: 9415628252 | N82: B | O82: 85.6 | P82: 85.8 | Q82: 38400 | R82: 17/02/2005 | S82: DAY SCHOLAR | T82: 41 jainpur, lalganj ajhara lalganjajhara Pratapgarh 230132----lalganj-ajhara | U82: 4
A83: 9 | B83: 2200290100076 | C83: 2226CSE1037 | D83: HARSH PATEL | E83: RAJ BAHADUR PATEL | F83: B | H83: VI | I83: MALE | J83: harsh.2226cse1037@kiet.edu | K83: hsp209264@gmail.com | L83: 7398679789 | M83: 8924010591 | N83: B | O83: 93.17 | P83: 86.17 | Q83: 38234 | R83: 04/09/2004 | S83: HOSTELLER | T83: 102/3, juhi safed colony, juhi colony, kanpur nagar kanpur kanpur 208014----kanpur | U83: 4
A84: 10 | B84: 2200290100077 | C84: 2226CSE1040 | D84: HARSH PRATAP SINGH | E84: SUDHIR TOMAR | F84: B | H84: VI | I84: MALE | J84: harsh.2226cse1040@kiet.edu | K84: harshittomar2332@gmail.com | L84: 9368108253 | M84: 9634025765 | N84: B | O84: 85 | P84: 76.6 | Q84: 38212 | R84: 13/08/2004 | S84: DAY SCHOLAR | T84: 306, murari nagar fire station road, khurja bulandshahr Bulandshahr 203131fire station road, khurjabulandshahr | U84: 4
A85: 11 | B85: 2200290100078 | C85: 2226CSE1075 | D85: HARSH SHRIVASTAVA | E85: NAVEEN SHRIVASTAVA | F85: B | H85: VI | I85: MALE | J85: harsh.2226cse1075@kiet.edu | K85: harshcse1075@gmail.com | L85: 7307360089 | M85: 9616751137 | N85: B | O85: 74.5 | P85: 74.67 | Q85: 37686 | R85: 06/03/2003 | S85: HOSTELLER | T85: gm 1/9 veerangana nagar jhansi khas jhansi Jhansi 284128nagar jhansi khasjhansi | U85: 4
A86: 12 | B86: 2200290100079 | C86: 2226CSE1047 | D86: HARSH VERMA | E86: SUNIL KUMAR | F86: B | H86: VI | I86: MALE | J86: harsh.2226cse1047@kiet.edu | K86: harshverma2000003@gmail.com | L86: 8868827763 | M86: 9917782205 | N86: B | O86: 96.6 | P86: 94.4 | Q86: 37718 | R86: 07/04/2003 | S86: DAY SCHOLAR | T86: a85, gali no2, ram nagar, kanker khera, meerut meerut meerut 250001----meerut | U86: 4
... A120: 46 | B120: 2200290100113 | C120: 2226CSE1194 | D120: PAKHI SHARMA | E120: VINEET KUMAR SHARMA | F120: B | H120: VI | I120: FEMALE | J120: pakhi.2226cse1194@kiet.edu | K120: sharmapakhi0204@gmail.com | L120: 9650882213 | M120: 9811139463 | N120: B | O120: 92.67 | P120: 85.4 | Q120: 38170 | R120: 02/07/2004 | S120: DAY SCHOLAR | T120: g154,pratap vihar sector11 ghaziabad Ghaziabad 201009sector-11ghaziabad | U120: 4
A121: 47 | B121: 2200290100114 | C121: 2226CSE1016 | D121: PIYUSH RAJ | E121: NITESH KUMAR | F121: B | H121: VI | I121: MALE | J121: piyush.2226cse1016@kiet.edu | K121: vrnpiyush@gmail.com | L121: 6204208132 | M121: 9973628662 | N121: B | O121: --- | P121: --- | Q121: 38171 | R121: 03/07/2004 | S121: DAY SCHOLAR | T121: AMRAPALI DREAM VELLAY LA RESIDENCIAL TOWER 9 FLAT 403 noida GAUTAM BHUDD NAGAR 201306LA RESIDENCIAL TOWER 9 FLAT 403noida | U121: 4
A122: 48 | B122: 2200290100115 | C122: 2226CSE1160 | D122: PRACHI SINGH | E122: HARPAL SINGH | F122: B | H122: VI | I122: FEMALE | J122: prachi.2226cse1160@kiet.edu | K122: PRACHIS10293@GMAIL.COM | L122: 7302834387 | M122: 9927324748 | N122: B | O122: 84.8 | P122: 83.6 | Q122: 37877 | R122: 13/09/2003 | S122: HOSTELLER | T122: MOHALLA PANCHSHIL COLONY CHANDAUSI SAMBHAL MORADABAD Moradabad 244412----MORADABAD | U122: 4
A123: 49 | B123: 2200290100116 | C123: 2226CSE1006 | D123: PRACHI UPPAL | E123: PAWAN KUMAR UPPAL | F123: B | H123: VI | I123: FEMALE | J123: prachi.2226cse1006@kiet.edu | K123: prachiuppal64@gmail.com | L123: 7017325624 | M123: 7017739761 | N123: B | O123: 92.2 | P123: 92 | Q123: 38332 | R123: 11/12/2004 | S123: DAY SCHOLAR | T123: hn 65 gali no 6 brahampuri dadrana road modinagar modinagar Ghaziabad 201204modinagarmodinagar | U123: 4
A124: 50 | B124: 2200290100117 | C124: 2226CSE1172 | D124: PRAGUN PANDEY | E124: ANANDESHWAR PANDEY | F124: B | H124: VI | I124: MALE | J124: pragun.2226cse1172@kiet.edu | K124: pandeyash27748278@gmail.com | L124: 7217464487 | M124: 9412891324 | N124: B | O124: 95.8 | P124: 90.8 | Q124: 37900 | R124: 06/10/2003 | S124: DAY SCHOLAR | T124: panni ji sugar mill colony BULANDSHAHR BULANDSHAHR Bulandshahr 203001BULANDSHAHRBULANDSHAHR | U124: 4
A125: 51 | B125: 2200290100118 | C125: 2226CSE1190 | D125: PRAKRITI | E125: NEERAJ KUMAR GUPTA | F125: B | H125: VI | I125: FEMALE | J125: prakriti.2226cse1190@kiet.edu | K125: prakritiprakriti05@gmail.com | L125: 8979932953 | M125: 9761115253 | N125: B | O125: 91 | P125: 87 | Q125: 38135 | R125: 28/05/2004 | S125: DAY SCHOLAR | T125: house no71, lane2/5, krishana nagar, modinagar modinagar Ghaziabad 201204----modinagar | U125: 4
A126: 52 | B126: 2200290100119 | C126: 2226CSE1103 | D126: PRASOON KRISHNA GUPTA | E126: RAMNARESH GUPTA | F126: B | H126: VI | I126: MALE | J126: prasoon.2226cse1103@kiet.edu | K126: prasoongupta2004@gmail.com | L126: 8604486518 | M126: 9415437518 | N126: B | O126: 75.8 | P126: 76.4 | Q126: 38163 | R126: 25/06/2004 | S126: HOSTELLER | T126: kot bazaar, rath hamirpur rath Hamirpur 210431hamirpurrath | U126: 4
A127: 53 | B127: 2200290100120 | C127: 2226CSE1064 | D127: PRATYUSH SRIVASTAVA | E127: SHARAD KUMAR SRIVASTAVA | F127: B | H127: VI | I127: MALE | J127: pratyush.2226cse1064@kiet.edu | K127: pr6tyush.srivastava@gmail.com | L127: 7007756669 | M127: 9838595697 | N127: B | O127: 95.4 | P127: 95.25 | Q127: 38266 | R127: 06/10/2004 | S127: HOSTELLER | T127: d1/256 vineet khand gomtinagar lucknow LUCKNOW 226010----lucknow | U127: 4
A128: 54 | B128: 2200290100121 | C128: 2226CSE1020 | D128: PRAVEEN PRAKASH PAL | E128: RAM AWADH | F128: B | H128: VI | I128: MALE | J128: praveen.2226cse1020@kiet.edu | K128: palprakashpraveen@gmail.com | L128: 9569235270 | M128: 9794863466 | N128: B | O128: 93.2 | P128: 85 | Q128: 38011 | R128: 25/01/2004 | S128: DAY SCHOLAR | T128: h.no.25, village siravit tola ganeshpur, postkarma, ganeshpur sonbhadra 231210----ganeshpur | U128: 4
A129: 55 | B129: 2200290100122 | C129: 2226CSE1124 | D129: PREET NIMESH | E129: MANSA RAM | F129: B | H129: VI | I129: MALE | J129: preet.2226cse1124@kiet.edu | K129: mrpreetnimesh@gmail.com | L129: 9084246398 | M129: 9258751652 | N129: B | O129: 90.33 | P129: 76.6 | Q129: 37716 | R129: 05/04/2003 | S129: DAY SCHOLAR | T129: hn 97 jalalpur raghunatpur muradnagar GHAZIABAD GHAZIABAD Ghaziabad 201206GHAZIABADGHAZIABAD | U129: 4
A130: 56 | B130: 2200290100123 | C130: 2226CSE1107 | D130: PRIYANSH RAJ | E130: RAM LAL RAM | F130: B | H130: VI | I130: MALE | J130: priyansh.2226cse1107@kiet.edu | K130: rpriyansh53@gmail.com | L130: 6289673817 | M130: 9651590358 | N130: B | O130: 79.2 | P130: 74.6 | Q130: 38536 | R130: 03/07/2005 | S130: HOSTELLER | T130: hariharpur, mohamdabad GHAZIPUR Ghazipur 233227----GHAZIPUR | U130: 4
A131: 57 | B131: 2200290100124 | C131: 2226CSE1090 | D131: PRIYANSHU ANAND | E131: PARMESHWAR DAYAL | F131: B | H131: VI | I131: MALE | J131: priyanshu.2226cse109@kiet.edu | K131: rajyansh@gmail.com | L131: 6386351876 | M131: 9452795568 | N131: B | O131: 85.17 | P131: 79 | Q131: 37987 | R131: 01/01/2004 | S131: HOSTELLER | T131: ss798 , sector n2 aliganj lucknow LUCKNOW Lucknow 226024lucknowLUCKNOW | U131: 4
A132: 58 | B132: 2200290100125 | C132: 2226CSE1094 | D132: PULKIT KUMAR | E132: SUNIL KUMAR | F132: B | H132: VI | I132: MALE | J132: pulkit.2226cse1094@kiet.edu | K132: pulkitnishad789@gmail.com | L132: 9889187399 | M132: 9335214454 | N132: B | O132: 79.67 | P132: 77.8 | Q132: 37856 | R132: 23/08/2003 | S132: HOSTELLER | T132: 544/1032 a ekta nagar campwell road balaganj lucknow lucknow 226003----lucknow | U132: 4
A133: 59 | B133: 2200290100126 | C133: 2226CSE1130 | D133: RAJAN SAROJ | E133: RAMBRIJ SAROJ | F133: B | H133: VI | I133: MALE | J133: rajan.2226cse1130@kiet.edu | K133: rajansaroj881@gmail.com | L133: 8115999629 | M133: 9936175910 | N133: B | O133: 63.33 | P133: 66 | Q133: 37970 | R133: 15/12/2003 | S133: DAY SCHOLAR | T133: nadhwa lamhi VARANASI VARANASI Varanasi 221002----VARANASI | U133: 4
... A139: 65 | B139: 2200290100132 | C139: 2226CSE1121 | D139: RITIK BHATT | E139: GS BHATT | F139: B | H139: VI | I139: MALE | J139: ritik.2226cse1121@kiet.edu | K139: ritikbhatt020@gmail.com | L139: 9696010249 | M139: 6392586271 | N139: B | O139: 93.67 | P139: 95 | Q139: 37700 | R139: 20/03/2003 | S139: HOSTELLER | T139: h.no.1106, tower 10 eldeco saubhagyam vrindavan colony, sec09, lucknow lucknow 226029vrindavan colony, sec-09, lucknow---- | U139: 4
A140: 66 | B140: 2200290100133 | C140: 2226CSE1178 | D140: RITIWESH BHARDWAJ | E140: MANOJ MISHRA | F140: B | H140: VI | I140: MALE | J140: ritiwesh.2226cse1178@kiet.edu | K140: RITIWESHBHARDWAJ@GMAIL.COM | L140: 9334162728 | N140: B | O140: 92.2 | P140: 85 | Q140: 37815 | R140: 13/07/2003 | S140: DAY SCHOLAR | T140: Q.NO2/309, 2D, 2ND STREET, NEAR 2D CENTRE MARKET, BOKARO STEEL CITY, BOKARO BOKARO 827001----BOKARO | U140: 4
A141: 67 | B141: 2100290100068 | C141: 2125CSE1191 | D141: HARSH JAIN | E141: RAJEEV KUMAR JAIN | F141: B | H141: VI | I141: MALE | J141: harsh.2125cse1191@kiet.edu | K141: HARSH25022004@GMAIL.COM | L141: 8003587217 | M141: 9414376082 | N141: B | O141: 61.17 | P141: 86.4 | Q141: 38042 | R141: 25/02/2004 | S141: DAY SCHOLAR | T141: GOPAL GARH NEAR JAIN MANDIR BHARATPUR BHARATPUR 321001NEAR JAIN MANDIRBHARATPUR | U141: 4
A142: 68 | B142: 2300290109005 | C142: 2226CSE1204 | D142: OMENDRA RAJPUT | E142: UMESH KUMAR | F142: B | H142: VI | I142: MALE | J142: omendra.2226cse1204@kiet.edu | K142: omendrarajput4@gmail.com | L142: 9068240037 | M142: 9412338447 | N142: B | O142: 85 | P142: 81.2 | Q142: 37499 | R142: 31/08/2002 | S142: DAY SCHOLAR | T142: vidya nagar harthala, moradabad moradabad moradabad 244001----moradabad | U142: 4
A143: 69 | B143: 2300290109006 | C143: 2226CSE1209 | D143: PRACHI SINGH | E143: NARESH KUMAR SINGH | F143: B | H143: VI | I143: FEMALE | J143: prachi.2226cse1209@kiet.edu | K143: prachisingh0432002@gmail.com | L143: 7983057451 | M143: 7351302826 | N143: B | O143: 55.67 | P143: 61.8 | Q143: 37319 | R143: 04/03/2002 | S143: DAY SCHOLAR | T143: 19/308a,krishnapuri ALIGARH aligarh aligarh 202001ALIGARHaligarh | U143: 4
A144: 70 | B144: 2300290109009 | C144: 2226CSE1205 | D144: SAHIL YADAV | E144: SUBHASH CHANDRA | F144: B | H144: VI | I144: MALE | J144: sahil.2226cse1205@kiet.edu | K144: sahiluckyadav444@gmail.com | L144: 9548449233 | M144: 9454993795 | N144: B | O144: 89.5 | P144: 85.67 | Q144: 38081 | R144: 04/04/2004 | S144: DAY SCHOLAR | T144: nagla kansh post andani karhal mainpuri Andani Mainpuri 205264post andani karhal mainpuriAndani | U144: 4
A145: 71 | B145: 2300290109010 | C145: 2226CSE1216 | D145: SAURABH KUMAR SINGH | E145: SURENDRA PRATAP SINGH | F145: B | H145: VI | I145: MALE | J145: saurabh.2226cse1216@kiet.edu | K145: mrsaurabh2429@gmail.com | L145: 8957232823 | M145: 9569522779 | N145: B | O145: 87.2 | P145: 82.8 | Q145: 37376 | R145: 30/04/2002 | S145: DAY SCHOLAR | T145: PRPARAULI, KHARAILA RORAKHPUR KHAJNI UP GORAKHPUR GORAKHPUR 273212RORAKHPUR KHAJNI UPGORAKHPUR | U145: 4
A146: 72 | B146: 2300290109012 | C146: 2226CSE1217 | D146: SHUSHANT | E146: MANOHAR SINGH | F146: B | H146: VI | I146: MALE | J146: shushant.2226cse1217@kiet.edu | K146: sushantalt9873@gmail.com | L146: 9760814266 | M146: 9873852603 | N146: B | O146: 67.8 | P146: 60.2 | Q146: 37887 | R146: 23/09/2003 | S146: DAY SCHOLAR | T146: jalesar road hathras HATHRAS Hathras 204101----HATHRAS | U146: 4
A147: 73 | B147: 2300290109018 | C147: 2226CSE1208 | D147: VINEET KUMAR | E147: LALTA PRASAD | F147: B | H147: VI | I147: MALE | J147: vineet.2226cse1208@kiet.edu | K147: vineetkumar21107949@gmail.com | L147: 6395828879 | N147: B | O147: 61.4 | P147: --- | Q147: 38248 | R147: 18/09/2004 | S147: DAY SCHOLAR | T147: 8/153B/ 3B, BHAGWATI KUNJ NEAR SANT RAI DAS PARK, KAUSHAL PUR, AGARA AGRA AGRA 282005NEAR SANT RAI DAS PARK, KAUSHAL PUR, AGARAAGRA | U147: 4
A148: 1 | B148: 2200290100134 | C148: 2226CSE1096 | D148: RIYA GOEL | E148: NEERAJ KUMAR GOEL | F148: C | H148: VI | I148: FEMALE | J148: riya.2226cse1096@kiet.edu | K148: riyagoel1510@gmail.com | L148: 9756943960 | M148: 9837812385 | N148: C | O148: 89.5 | P148: 91.8 | Q148: 38275 | R148: 15/10/2004 | S148: HOSTELLER | T148: 2075, nikat bada mahal, kayasth wada sikandrabad Bulandshahr 203205----sikandrabad | U148: 4
A149: 2 | B149: 2200290100135 | C149: 2226CSE1141 | D149: ROHAN SINGH | E149: DEVENDRA SINGH | F149: C | H149: VI | I149: MALE | J149: rohan.2226cse1141@kiet.edu | K149: rohansinghb14@gmail.com | L149: 8303022202 | M149: 9450166290 | N149: C | O149: 94 | P149: 91.4 | Q149: 37856 | R149: 23/08/2003 | S149: DAY SCHOLAR | T149: b 33/441a4, batuapura varanasi VARANASI Varanasi 221005varanasiVARANASI | U149: 4
A150: 3 | B150: 2200290100136 | C150: 2226CSE1021 | D150: ROHAN SINGH | E150: RANDHIR SINGH YADAV | F150: C | H150: VI | I150: MALE | J150: rohan.2226cse1021@kiet.edu | K150: rohan.cool18786@gmail.com | L150: 9026755037 | M150: 9569696501 | N150: C | O150: 96.33 | P150: 94.75 | Q150: 37887 | R150: 23/09/2003 | S150: HOSTELLER | T150: nitak jan kalyan eye hospital a1483/4 indiranagar lucknow Lucknow Lucknow 226016a-1483/4 indiranagar lucknowLucknow | U150: 4
A151: 4 | B151: 2200290100137 | C151: 2226CSE1163 | D151: SAHIL KUMAR | E151: SANJEEV KUMAR | F151: C | H151: VI | I151: MALE | J151: sahil.2226cse1163@kiet.edu | K151: sahil.2226cse1163@kiet.edu | L151: 7081030508 | M151: 8400548660 | N151: C | O151: 87.33 | P151: 82.6 | Q151: 37764 | R151: 23/05/2003 | S151: DAY SCHOLAR | T151: 85, NAINITAL ROAD, IZZAT NAGAR KRISHNA NAGAR BAREILLEY Bareilly 243122IZZAT NAGAR KRISHNA NAGARBAREILLEY | U151: 4
A152: 5 | B152: 2200290100138 | C152: 2226CSE1038 | D152: SAHIL TYAGI | E152: LOKESH TYAGI | F152: C | H152: VI | I152: MALE | J152: sahil.2226cse1038@kiet.edu | K152: sahiltyagi194@gmail.com | L152: 6397707363 | M152: 8447731789 | N152: C | O152: 87.5 | P152: 87 | Q152: 37727 | R152: 16/04/2003 | S152: DAY SCHOLAR | T152: mohalla katra chetram najibabad Bijnor 246763----najibabad | U152: 4
A153: 6 | B153: 2200290100139 | C153: 2226CSE1009 | D153: SAKSHAM GOEL | E153: ANUJ GOEL | F153: C | H153: VI | I153: MALE | J153: saksham.2226cse1009@kiet.edu | K153: Sakshamgoel5536@gmail.com | L153: 9149338200 | M153: 9319333330 | N153: C | O153: 89 | P153: 96 | Q153: 38002 | R153: 16/01/2004 | S153: HOSTELLER | T153: HOUSE NO. 84/2 CHITRAKOOT COLONY, GARH ROAD MEERUT MEERUT Meerut 250001----MEERUT | U153: 4
A154: 7 | B154: 2200290100140 | C154: 2226CSE1028 | D154: SANTOSH KUMAR | E154: ASHOK KUMAR SINGH | F154: C | H154: VI | I154: MALE | J154: santosh.2226cse1028@kiet.edu | K154: sk1155610@gmail.com | L154: 6299589802 | M154: 6299589802 | N154: C | O154: 80.8 | P154: 74 | Q154: 38256 | R154: 26/09/2004 | S154: DAY SCHOLAR | T154: jamuhar, rohtas, bihar dehri rohtas 821305----dehri | U154: 4
A155: 8 | B155: 2200290100141 | C155: 2226CSE1024 | D155: SARTHAK AGGARWAL | E155: YOGESH AGGARWAL | F155: C | H155: VI | I155: MALE | J155: sarthak.2226cse1024@kiet.edu | K155: sarthakagg567@gmail.com | L155: 9058123795 | M155: 9719244132 | N155: C | O155: 96.2 | P155: 95.6 | Q155: 38152 | R155: 14/06/2004 | S155: HOSTELLER | T155: 726/1 dayanand nagar dr singhal nursingh home shamli shamli 247776dr singhal nursingh homeshamli | U155: 4
A156: 9 | B156: 2200290100142 | C156: 2226CSE1045 | D156: SARTHAK SINGH | E156: NIRESH KUMAR | F156: C | H156: VI | I156: MALE | J156: sarthak.2226cse1045@kiet.edu | K156: singhsarthak089@gmail.com | L156: 8755847100 | M156: 9719398369 | N156: C | O156: 95.67 | P156: 92.6 | Q156: 37589 | R156: 29/11/2002 | S156: HOSTELLER | T156: village tamsi madha bhoj hathras Hathras 281307madha bhojhathras | U156: 4
A157: 10 | B157: 2200290100143 | C157: 2226CSE1015 | D157: SARVAGYA PRADHAN | E157: ARVIND PRADHAN | F157: C | H157: VI | I157: MALE | J157: sarvagya.2226cse1015@kiet.edu | K157: sarvagyapradhan823@gmail.com | L157: 6396204843 | M157: 9045565359 | N157: C | O157: 73.4 | P157: 76.6 | Q157: 37660 | R157: 08/02/2003 | S157: HOSTELLER | T157: h.no.8 swami tola alampura, etawah etawah 206001alampura, etawah---- | U157: 4
A158: 11 | B158: 2200290100144 | C158: 2226CSE1003 | D158: SARVIN SHRIVASTAVA | E158: AJAY KUMAR SHRIVASTAVA | F158: C | H158: VI | I158: MALE | J158: sarvin.2226cse1003@kiet.edu | K158: sarvin5124@gmail.com | L158: 9310524050 | M158: 9873657877 | N158: C | O158: 84.17 | P158: 77.2 | Q158: 38326 | R158: 05/12/2004 | S158: DAY SCHOLAR | T158: d1232 gaur cascades raj nagar extension raj nagar uttar pradesh 201017 Raj Nagar Extension Ghaziabad 201017201017Raj Nagar Extension | U158: 4
A159: 12 | B159: 2200290100145 | C159: 2226CSE1143 | D159: SATYAGYA SINGH | E159: SARMAN SINGH | F159: C | H159: VI | I159: MALE | J159: satyagya.2226cse1143@kiet.edu | K159: satyagyasingh@gmail.com | L159: 9648629806 | M159: 9026828641 | N159: C | O159: 84.83 | P159: 76.4 | Q159: 37829 | R159: 27/07/2003 | S159: HOSTELLER | T159: DHAVADA, GORAJOO KAUSHAMBI KAUSHAMBI 212214----KAUSHAMBI | U159: 4
... A217: 70 | B217: 2300290109011 | C217: 2226CSE1206 | D217: SHOBHIT KUMAR | E217: BRAJ BIHARI LAL | F217: C | H217: VI | I217: MALE | J217: shobhit.2226cse1206@kiet.edu | K217: shobhitkoli46@gmail.com | L217: 6395478403 | M217: 8923984712 | N217: C | O217: 72.5 | P217: 67 | Q217: 37279 | R217: 23/01/2002 | S217: DAY SCHOLAR | T217: madina shaha, pilibhit pilibhit pilibhit 262001----pilibhit | U217: 4
A218: 71 | B218: 2300290109013 | C218: 2226CSE1201 | D218: TANISHKA SHARMA | E218: HARI OM SHARMA | F218: C | H218: VI | I218: FEMALE | J218: tanishka.2226cse1201@kiet.edu | K218: sharmatanishka59@gmail.com | L218: 8273289322 | M218: 9719519322 | N218: C | O218: 52 | P218: --- | Q218: 38718 | R218: 01/01/2006 | S218: DAY SCHOLAR | T218: nagla brahman, salem pur hathras hathras 281306----hathras | U218: 4
A219: 72 | B219: 2300290109014 | C219: 2226CSE1207 | D219: TANIYA | E219: BHUPENDER KUMAR | F219: C | H219: VI | I219: FEMALE | J219: taniya.2226cse1207@kiet.edu | K219: pintugujjar01@gmail.com | L219: 9650934174 | M219: 9899564174 | N219: C | O219: 90 | P219: 87.4 | Q219: 37726 | R219: 15/04/2003 | S219: DAY SCHOLAR | T219: village:morta Ghaziabad Ghaziabad 201001----Ghaziabad | U219: 4
A220: 73 | B220: 2300290109015 | C220: 2226CSE1210 | D220: UTKARSH PATEL | E220: RAKESH KUMAR SINGH | F220: C | H220: VI | I220: MALE | J220: utkarsh.2226cse1210@kiet.edu | K220: utkarshp2003@gmail.com | L220: 8922035716 | M220: 9450312781 | N220: C | O220: 71 | P220: --- | Q220: 38286 | R220: 26/10/2004 | S220: DAY SCHOLAR | T220: vill jagdishpur post SHIVPUR, BABURI jamalpur VILL JAGDISHPUR POST SHIVPUR, BABURI JAMALPUR mirzapur MIRZAPUR 231302VILL- JAGDISHPUR POST SHIVPUR, BABURI JAMALPURmirzapur | U220: 4
A221: 74 | B221: 2300290109016 | C221: 2226CSE1215 | D221: VAIBHAV SINGH | E221: VIJAY PRATAP SINGH | F221: C | H221: VI | I221: MALE | J221: vaibhav.2226cse1215@kiet.edu | K221: vaibhav8922811621@gmail.com | L221: 8922811621 | M221: 9984157708 | N221: C | O221: 82.33 | P221: --- | Q221: 38180 | R221: 12/07/2004 | S221: DAY SCHOLAR | T221: bhariya bhag mirzapur shahjahanpur SHAHJAHANPUR 242221----shahjahanpur | U221: 4

Sheet Sheet1
A2: 15 | B2: 2100290100145 | C2: 2125CSE1040 | D2: SAMARTH SAINI | E2: SUNIL SAINI | F2: C | H2: 4 | I2: MALE | J2: samarth.2125cse1040@kiet.edu | K2: 7302698899 | L2: 9548348144 | M2: C | N2: Suspended case
A3: 68 | B3: 2000290100180 | C3: 2024CSE1142 | D3: VAIBHAV SHARMA | E3: SUNIL KUMAR SHARMA | F3: C | H3: 4 | I3: MALE | J3: vaibhav.2024cse1142@kiet.edu | K3: 9456089031 | L3: 8535015600 | M3: C | N3: One year leave (2022-23)
A4: 30 | B4: 2000290100030 | C4: 2024CSE1127 | D4: ARPITA GUPTA | E4: SITA RAM GUPTA | F4: A | H4: 6 | I4: FEMALE | J4: arpita.2024cse1127@kiet.edu | K4: 8400394128 | L4: 9415925679 | N4: Demise
A5: 5 | B5: 2100290100135 | C5: 2125CS1026 | D5: RISHI SINGH | E5: AJAY KUMAR SINGH | F5: C | H5: 5 | I5: MALE | J5: rishi.2125cs1026@kiet.edu | K5: 8081675303 | L5: 8707616211 | M5: C | N5: Left
A6: 57 | B6: 2100290100191 | C6: 2125CSE1116 | D6: VISHESH KUMAR | E6: RADHESHYAM SINGH | F6: C | H6: 5 | I6: MALE | J6: vishesh.2125cse1116@kiet.edu | K6: 6395945318 | L6: 9411711504 | M6: C
A7: =IF('CSE II'!M40<>M7,"1",'CSE II'!A40+1) -> 40 | B7: 2428CSE2497 | C7: 2428CSE2497 | D7: AMAN SINGH | E7: ANIL KUMAR SINGH | G7: 9336297728 | H7: 9452071582 | I7: 9336523097 | J7: aman.2428cse2497@kiet.edu | K7: M | L7: CSE | M7: A | N7: Left | O7: A | P7: Village-Tetarpur ,post -pure neval,pratapgarh,Uttarpradesh
A8: =IF('CSE III'!N210<>M8,"1",'CSE III'!A210+1) -> 52 | B8: 2300290100198 | C8: 2327CSE1257 | D8: RAJARSHI YADAV | E8: ASHOK KUMAR YADAV | G8: 7007541055 | H8: 9919954471 | I8: 7007541055 | J8: rajarshi.2327cse1257@kiet.edu | K8: MALE | L8: CSE | M8: C | N8: Fail | O8: C | P8: gram bardiha , bardiha JAUNPUR JAUNPUR 222148----JAUNPUR
A9: =IF('CSE III'!N56<>M9,"1",'CSE III'!A56+1) -> 56 | B9: 2300290100057 | C9: 2327CSE1255 | D9: ANSH GOYAL | E9: DAUJI GOYAL | F9: TULSI GOYAL | G9: #N/A | H9: #N/A | I9: 9258634591 | J9: ansh.2327cse1255@kiet.edu | K9: MALE | L9: CSE | M9: A | N9: Left | O9: A | P9: mohammadpur, shashtripuram agra agr agra 282007agraagr
A10: =IF('CSE III'!N50<>M10,"1",'CSE III'!A50+1) -> 50 | B10: 2300290100050 | C10: 2327CSE1154 | D10: ANJALI KUMARI | E10: SHIV SHANKAR | G10: #N/A | H10: #N/A | I10: 8057790288 | J10: anjali.2327cse1154@kiet.edu | K10: FEMALE | L10: CSE | M10: A | N10: Left | O10: A | P10: 77, ROADWAYS COLONY BAKALPUR MATHURA Mathura 281004----BAKALPUR MATHURA
A11: =IF('CSE II'!M265<>M11,"1",'CSE II'!A265+1) -> #REF! | B11: 202401100200250 | C11: 2428CSE2419 | D11: RAHUL ORAON | E11: NARESH ORAON | G11: 6392676571 | H11: 9451897094 | I11: 6392676571 | J11: rahul.2428cse2419@kiet.edu | K11: M | L11: CSE | M11: D | N11: Left | O11: D | P11: Jb garden para rajajipuram | R11: 202401100200250
A12: =IF('CSE II'!M96<>M12,"1",'CSE II'!A96+1) -> 18 | B12: 202401100200092 | C12: 2428CSE2255 | D12: ARYAN CHAUDHARY | E12: UMESH CHANDRA | G12: 6394910656 | H12: 7652035061 | I12: 9554023136 | J12: aryan.2428cse2255@kiet.edu | K12: M | L12: CSE | M12: B | N12: Left | O12: B | P12: Vill. Bansgaon ,Kheri ,post Kaparaha | R12: 202401100200092
A13: =IF('CSE II'!M375<>M13,"1",'CSE II'!A375+1) -> 61 | B13: 2400290100353 | C13: 2428CSE1766 | D13: VISHWESH SRIVASTAVA | E13: CHANDRA PRAKASH SRIVASTAVA | G13: 8303923205 | H13: 6386914161 | I13: 8400752968 | J13: vishwesh.2428cse1766@kiet.edu | K13: M | L13: CSE | M13: E | N13: Left | O13: D | P13: Dhanipur jangiganj , bhadohi , Uttar Pradesh | Q13: 202401100200354 | R13: VISHWESH | S13: SRIVASTAVA | T13: #REF!
A14: =IF('CSE II'!M354<>M14,"1",'CSE II'!A354+1) -> 40 | B14: 2400290100331 | C14: 2428CSE2410 | D14: VAIBHAV PAL | E14: LALIT KUMAR PAL | G14: 9450190109 | H14: 8765968771 | I14: 9219718576 | J14: vaibhav.2428cse2410@kiet.edu | K14: M | L14: CSE | M14: E | N14: Left | O14: D | P14: 155A/7B, Awadhpuri Colony, Chak Ponghat, Mundera, Prayagraj | Q14: 202401100200332 | R14: VAIBHAV | S14: PAL | T14: #REF!
A15: =IF('CSE II'!M306<>M15,"1",'CSE II'!A306+1) -> #REF! | B15: 2400290100291 | C15: 2428CSE2222 | D15: SHIVANSH BHATT | E15: LATE SANJAY KUMAR BHATT | G15: 6390111107 | H15: 8601473111 | I15: 8601473111 | J15: shivansh.2428cse2222@kiet.edu | K15: M | L15: CSE | M15: D | N15: Re-admitted in first yr | P15: D-36A d-block sector 4 Lajpat Nagar sahibabad ghaziabad | Q15: 202401100200292 | R15: SHIVANSH | S15: BHATT | T15: #REF!
